date,nav,nav_adjusted
2024-06-06,1692.94,1692.94
2024-06-07,1693.14,1693.14
2024-06-10,1693.75,1693.75
2024-06-11,1693.94,1693.94
2024-06-12,1694.13,1694.13
2024-06-13,1694.33,1694.33
2024-06-14,1694.53,1694.53
2024-06-19,1695.53,1695.53
2024-06-20,1695.73,1695.73
2024-06-21,1695.92,1695.92
2024-06-24,1696.5,1696.5
2024-06-25,1696.69,1696.69
2024-06-26,1696.89,1696.89
2024-06-27,1697.09,1697.09
2024-06-28,1697.29,1697.29
2024-07-01,1697.87,1697.87
2024-07-02,1698.07,1698.07
2024-07-03,1698.26,1698.26
2024-07-04,1698.45,1698.45
2024-07-05,1698.65,1698.65
2024-07-08,1699.24,1699.24
2024-07-09,1699.43,1699.43
2024-07-10,1699.63,1699.63
2024-07-11,1699.83,1699.83
2024-07-12,1700.03,1700.03
2024-07-15,1700.59,1700.59
2024-07-16,1700.79,1700.79
2024-07-17,1700.99,1700.99
2024-07-18,1701.19,1701.19
2024-07-19,1701.4,1701.4
2024-07-22,1702.01,1702.01
2024-07-23,1702.22,1702.22
2024-07-24,1702.43,1702.43
2024-07-25,1702.63,1702.63
2024-07-26,1702.84,1702.84
2024-07-29,1703.47,1703.47
2024-07-30,1703.69,1703.69
2024-07-31,1703.84,1703.84
2024-08-01,1704.06,1704.06
2024-08-02,1704.26,1704.26
2024-08-05,1704.87,1704.87
2024-08-06,1705.09,1705.09
2024-08-07,1705.3,1705.3
2024-08-08,1705.51,1705.51
2024-08-09,1705.72,1705.72
2024-08-12,1706.35,1706.35
2024-08-13,1706.56,1706.56
2024-08-14,1706.74,1706.74
2024-08-15,1706.94,1706.94
2024-08-16,1707.16,1707.16
2024-08-19,1707.79,1707.79
2024-08-20,1708,1708
2024-08-21,1708.21,1708.21
2024-08-22,1708.42,1708.42
2024-08-23,1708.63,1708.63
2024-08-26,1709.26,1709.26
2024-08-27,1709.47,1709.47
2024-08-28,1709.69,1709.69
2024-08-29,1709.89,1709.89
2024-08-30,1710.1,1710.1
2024-09-02,1710.64,1710.64
2024-09-03,1710.84,1710.84
2024-09-04,1711.05,1711.05
2024-09-05,1711.26,1711.26
2024-09-06,1711.47,1711.47
2024-09-09,1712.09,1712.09
2024-09-10,1712.3,1712.3
2024-09-11,1712.51,1712.51
2024-09-12,1712.72,1712.72
2024-09-13,1712.93,1712.93
2024-09-17,1713.76,1713.76
2024-09-18,1713.98,1713.98
2024-09-19,1714.19,1714.19
2024-09-20,1714.4,1714.4
2024-09-23,1715.05,1715.05
2024-09-24,1715.33,1715.33
2024-09-25,1715.54,1715.54
2024-09-26,1715.74,1715.74
2024-09-27,1715.95,1715.95
2024-09-30,1716.59,1716.59
2024-10-01,1716.8,1716.8
2024-10-02,1717,1717
2024-10-03,1717.2,1717.2
2024-10-04,1717.4,1717.4
2024-10-07,1718.02,1718.02
2024-10-08,1718.23,1718.23
2024-10-09,1718.43,1718.43
2024-10-10,1718.64,1718.64
2024-10-11,1718.84,1718.84
2024-10-14,1719.45,1719.45
2024-10-15,1719.65,1719.65
2024-10-16,1719.91,1719.91
2024-10-17,1720.12,1720.12
2024-10-18,1720.33,1720.33
2024-10-21,1721.04,1721.04
2024-10-22,1721.25,1721.25
2024-10-23,1721.46,1721.46
2024-10-24,1721.67,1721.67
2024-10-25,1721.92,1721.92
2024-10-28,1722.61,1722.61
2024-10-29,1722.84,1722.84
2024-10-30,1723.14,1723.14
2024-10-31,1723.28,1723.28
2024-11-01,1723.5,1723.5
2024-11-04,1724.09,1724.09
2024-11-05,1724.33,1724.33
2024-11-06,1724.54,1724.54
2024-11-07,1724.76,1724.76
2024-11-08,1724.98,1724.98
2024-11-11,1725.62,1725.62
2024-11-12,1725.83,1725.83
2024-11-13,1726.05,1726.05
2024-11-14,1726.26,1726.26
2024-11-15,1726.47,1726.47
2024-11-18,1727.06,1727.06
2024-11-19,1727.27,1727.27
2024-11-20,1727.48,1727.48
2024-11-21,1727.68,1727.68
2024-11-22,1727.89,1727.89
2024-11-25,1728.52,1728.52
2024-11-26,1728.73,1728.73
2024-11-28,1729.14,1729.14
2024-11-29,1729.37,1729.37
2024-12-02,1729.98,1729.98
2024-12-03,1730.18,1730.18
2024-12-04,1730.39,1730.39
2024-12-05,1730.6,1730.6
2024-12-06,1730.8,1730.8
2024-12-09,1731.43,1731.43
2024-12-10,1731.64,1731.64
2024-12-11,1731.85,1731.85
2024-12-12,1732.06,1732.06
2024-12-13,1732.28,1732.28
2024-12-16,1732.94,1732.94
2024-12-17,1733.15,1733.15
2024-12-18,1733.34,1733.34
2024-12-19,1733.52,1733.52
2024-12-20,1733.75,1733.75
2024-12-23,1734.37,1734.37
2024-12-24,1734.58,1734.58
2024-12-27,1735.23,1735.23
2024-12-30,1735.92,1735.92
2025-01-02,1736.43,1736.43
2025-01-03,1736.64,1736.64
2025-01-06,1737.26,1737.26
2025-01-07,1737.49,1737.49
2025-01-08,1737.71,1737.71
2025-01-09,1737.91,1737.91
2025-01-10,1738.15,1738.15
2025-01-13,1738.79,1738.79
2025-01-14,1739.01,1739.01
2025-01-15,1739.22,1739.22
2025-01-16,1739.45,1739.45
2025-01-17,1739.69,1739.69
2025-01-20,1740.35,1740.35
2025-01-21,1740.56,1740.56
2025-01-22,1740.78,1740.78
2025-01-23,1741.01,1741.01
2025-01-24,1741.23,1741.23
2025-01-30,1742.52,1742.52
2025-01-31,1742.62,1742.62
2025-02-03,1743.28,1743.28
2025-02-04,1743.5,1743.5
2025-02-05,1743.72,1743.72
2025-02-06,1743.95,1743.95
2025-02-07,1744.17,1744.17
2025-02-10,1744.81,1744.81
2025-02-11,1745.03,1745.03
2025-02-12,1745.24,1745.24
2025-02-13,1745.46,1745.46
2025-02-14,1745.66,1745.66
2025-02-17,1746.28,1746.28
2025-02-18,1746.5,1746.5
2025-02-19,1746.71,1746.71
2025-02-20,1746.93,1746.93
2025-02-21,1747.15,1747.15
2025-02-24,1747.78,1747.78
2025-02-25,1748,1748
2025-02-26,1748.21,1748.21
2025-02-27,1748.43,1748.43
2025-02-28,1748.66,1748.66
2025-03-03,1749.57,1749.57
2025-03-04,1749.78,1749.78
2025-03-05,1749.99,1749.99
2025-03-06,1750.21,1750.21
2025-03-07,1750.43,1750.43
2025-03-10,1751.07,1751.07
2025-03-11,1751.28,1751.28
2025-03-12,1751.5,1751.5
2025-03-13,1751.7,1751.7
2025-03-17,1752.55,1752.55
2025-03-18,1752.77,1752.77
2025-03-19,1752.97,1752.97
2025-03-20,1753.18,1753.18
2025-03-21,1753.39,1753.39
2025-03-24,1754,1754
2025-03-25,1754.23,1754.23
2025-03-26,1754.43,1754.43
2025-03-27,1754.67,1754.67
2025-04-08,1756.82,1756.82
2025-04-09,1757.01,1757.01
2025-04-10,1757.23,1757.23
2025-04-11,1757.44,1757.44
2025-04-14,1758.06,1758.06
2025-04-15,1758.28,1758.28
2025-04-16,1758.5,1758.5
2025-04-17,1758.72,1758.72
2025-04-21,1759.58,1759.58
2025-04-22,1759.8,1759.8
2025-04-23,1760.02,1760.02
2025-04-24,1760.23,1760.23
2025-04-25,1760.43,1760.43
2025-04-28,1761.07,1761.07
2025-04-29,1761.3,1761.3
2025-04-30,1761.53,1761.53
2025-05-02,1761.97,1761.97
2025-05-05,1762.58,1762.58
2025-05-06,1762.78,1762.78
2025-05-07,1762.99,1762.99
2025-05-08,1763.21,1763.21
2025-05-09,1763.42,1763.42
2025-05-14,1764.48,1764.48
2025-05-15,1764.7,1764.7
2025-05-16,1764.92,1764.92
2025-05-19,1765.59,1765.59
2025-05-20,1765.81,1765.81
2025-05-21,1766.03,1766.03
2025-05-22,1766.25,1766.25
2025-05-23,1766.45,1766.45
2025-05-26,1767.1,1767.1
2025-05-27,1767.32,1767.32
2025-05-28,1767.55,1767.55
2025-06-02,1768.58,1768.58
2025-06-03,1768.81,1768.81
2025-06-04,1769.05,1769.05
2025-06-05,1769.27,1769.27
2025-06-10,1770.41,1770.41
2025-06-11,1770.7,1770.7
2025-06-12,1770.96,1770.96
2025-06-13,1771.22,1771.22
2025-06-16,1771.86,1771.86
2025-06-17,1772.14,1772.14
2025-06-18,1772.39,1772.39
2025-06-19,1772.66,1772.66
2025-06-20,1772.88,1772.88
2025-06-23,1773.53,1773.53
2025-06-24,1773.79,1773.79
2025-06-25,1774.04,1774.04
2025-06-26,1774.28,1774.28
2025-06-30,1775.27,1775.27
2025-07-01,1775.53,1775.53
2025-07-02,1775.76,1775.76
2025-07-03,1776.03,1776.03
2025-07-04,1776.27,1776.27
2025-07-07,1776.92,1776.92
2025-07-08,1777.16,1777.16
2025-07-09,1777.4,1777.4
2025-07-10,1777.61,1777.61
2025-07-11,1777.84,1777.84
2025-07-14,1778.48,1778.48
2025-07-15,1778.7,1778.7
2025-07-16,1778.97,1778.97
2025-07-17,1779.18,1779.18
2025-07-18,1779.38,1779.38
2025-07-21,1780.03,1780.03
2025-07-22,1780.24,1780.24
2025-07-23,1780.47,1780.47
2025-07-24,1780.69,1780.69
2025-07-25,1780.92,1780.92
2025-07-28,1781.56,1781.56
2025-07-29,1781.85,1781.85
2025-07-30,1782.08,1782.08
2025-07-31,1782.24,1782.24
2025-08-01,1782.44,1782.44
2025-08-04,1783,1783
2025-08-05,1783.23,1783.23
2025-08-06,1783.49,1783.49
2025-08-07,1783.7,1783.7
2025-08-08,1783.94,1783.94
2025-08-11,1784.58,1784.58
2025-08-12,1784.8,1784.8
2025-08-13,1785.01,1785.01
2025-08-14,1785.22,1785.22
2025-08-15,1785.42,1785.42
2025-08-19,1786.23,1786.23
2025-08-20,1786.44,1786.44
2025-08-21,1786.65,1786.65
2025-08-22,1786.86,1786.86
2025-08-25,1787.5,1787.5
2025-08-26,1787.72,1787.72
2025-08-27,1787.94,1787.94
2025-08-28,1788.21,1788.21
2025-08-29,1788.41,1788.41
2025-09-01,1788.89,1788.89
2025-09-02,1789.08,1789.08
2025-09-03,1789.33,1789.33
2025-09-04,1789.53,1789.53
2025-09-08,1790.3,1790.3
2025-09-09,1790.51,1790.51
2025-09-10,1790.71,1790.71
2025-09-11,1790.91,1790.91
2025-09-12,1791.11,1791.11
2025-09-15,1791.69,1791.69
2025-09-16,1791.89,1791.89
2025-09-17,1792.08,1792.08
2025-09-18,1792.29,1792.29
2025-09-19,1792.51,1792.51
2025-09-22,1793.1,1793.1
2025-09-23,1793.29,1793.29
2025-09-24,1793.48,1793.48
2025-09-25,1793.7,1793.7
2025-09-26,1793.89,1793.89
2025-09-29,1794.48,1794.48
2025-09-30,1794.73,1794.73
2025-10-01,1794.92,1794.92
2025-10-02,1795.1,1795.1
2025-10-03,1795.29,1795.29
2025-10-06,1795.84,1795.84
2025-10-07,1796.01,1796.01
2025-10-08,1796.2,1796.2
2025-10-09,1796.38,1796.38
2025-10-10,1796.56,1796.56
2025-10-13,1797.05,1797.05
2025-10-14,1797.23,1797.23
2025-10-15,1797.48,1797.48
2025-10-16,1797.74,1797.74
2025-10-17,1797.92,1797.92
2025-10-20,1798.48,1798.48
2025-10-21,1798.68,1798.68
2025-10-22,1798.86,1798.86
2025-10-23,1799.06,1799.06
2025-10-24,1799.28,1799.28
2025-10-27,1799.85,1799.85
2025-10-28,1800.09,1800.09
2025-10-29,1800.35,1800.35
2025-10-30,1800.63,1800.63
2025-10-31,1800.89,1800.89
2025-11-03,1801.43,1801.43
2025-11-04,1801.61,1801.61
2025-11-05,1801.82,1801.82
2025-11-06,1802.03,1802.03
2025-11-07,1802.26,1802.26
2025-11-10,1802.81,1802.81
2025-11-11,1803.07,1803.07
2025-11-12,1803.23,1803.23
2025-11-13,1803.4,1803.4
2025-11-14,1803.58,1803.58
2025-11-17,1804.11,1804.11
2025-11-18,1804.31,1804.31
2025-11-19,1804.48,1804.48
2025-11-20,1804.63,1804.63
2025-11-21,1804.78,1804.78
2025-11-24,1805.26,1805.26
2025-11-25,1805.42,1805.42
2025-11-26,1805.62,1805.62
2025-11-27,1805.79,1805.79
2025-11-28,1806.28,1806.28
2025-12-01,1806.89,1806.89
2025-12-02,1807.18,1807.18
2025-12-03,1807.41,1807.41
2025-12-04,1807.64,1807.64
2025-12-05,1807.86,1807.86
2025-12-08,1808.8,1808.8
2025-12-09,1809.01,1809.01
2025-12-10,1809.24,1809.24
2025-12-11,1809.51,1809.51
2025-12-12,1809.71,1809.71
2025-12-15,1810.3,1810.3
2025-12-16,1810.62,1810.62
2025-12-17,1810.83,1810.83
2025-12-18,1810.98,1810.98
2025-12-19,1811.17,1811.17
2025-12-22,1811.63,1811.63
2025-12-23,1811.76,1811.76
2025-12-24,1811.92,1811.92
2025-12-29,1812.78,1812.78
2025-12-30,1813.08,1813.08
2026-01-02,1813.59,1813.59
2026-01-05,1814.03,1814.03
2026-01-06,1814.15,1814.15
2026-01-07,1814.31,1814.31
2026-01-08,1814.52,1814.52
2026-01-09,1814.72,1814.72
2026-01-12,1815.26,1815.26
2026-01-13,1815.42,1815.42
2026-01-14,1815.67,1815.67
2026-01-15,1815.83,1815.83
2026-01-19,1816.41,1816.41
2026-01-20,1816.56,1816.56
2026-01-21,1816.7,1816.7
2026-01-22,1816.84,1816.84
2026-01-23,1816.98,1816.98
2026-01-26,1817.23,1817.23
2026-01-27,1817.49,1817.49
2026-01-28,1817.6,1817.6
2026-01-29,1817.74,1817.74
2026-01-30,1817.85,1817.85
2026-02-02,1818.25,1818.25
2026-02-03,1818.4,1818.4
2026-02-04,1818.56,1818.56
2026-02-05,1818.76,1818.76
2026-02-06,1818.84,1818.84
2026-02-09,1819.11,1819.11
2026-02-10,1819.33,1819.33
2026-02-11,1819.56,1819.56
2026-02-12,1819.68,1819.68
2026-02-13,1819.78,1819.78
2026-02-18,1820.49,1820.49
2026-02-19,1820.62,1820.62
2026-02-20,1820.75,1820.75
2026-02-23,1821.15,1821.15
2026-02-24,1821.27,1821.27
2026-02-25,1821.37,1821.37
2026-02-26,1821.48,1821.48
2026-02-27,1821.64,1821.64
2026-03-02,1822.2,1822.2
2026-03-03,1822.3,1822.3
2026-03-04,1822.38,1822.38
2026-03-05,1822.48,1822.48
2026-03-06,1822.55,1822.55
2026-03-09,1822.93,1822.93
2026-03-10,1823.11,1823.11
2026-03-11,1823.19,1823.19
2026-03-12,1823.26,1823.26
2026-03-13,1823.3,1823.3
2026-03-16,1823.41,1823.41
2026-03-17,1823.47,1823.47
2026-03-25,1823.95,1823.95
2026-03-26,1824.03,1824.03
2026-03-27,1824.22,1824.22
2026-03-30,1824.61,1824.61
2026-03-31,1824.62,1824.62
2026-04-01,1824.73,1824.73
2026-04-02,1824.83,1824.83
2026-04-06,1825.18,1825.18
2026-04-07,1825.32,1825.32
2026-04-08,1825.45,1825.45
2026-04-09,1825.54,1825.54
2026-04-10,1825.69,1825.69
2026-04-13,1826.03,1826.03
2026-04-14,1826.1,1826.1
2026-04-15,1826.24,1826.24
2026-04-16,1826.4,1826.4
2026-04-17,1826.55,1826.55
2026-04-20,1827.02,1827.02
2026-04-21,1827.18,1827.18
2026-04-22,1827.33,1827.33
2026-04-23,1827.46,1827.46
2026-04-24,1827.52,1827.52
2026-04-27,1827.75,1827.75
2026-04-28,1827.82,1827.82
2026-04-29,1827.87,1827.87
2026-04-30,1827.91,1827.91
2026-05-04,1828.21,1828.21
2026-05-05,1828.24,1828.24
2026-05-06,1828.28,1828.28
2026-05-07,1828.41,1828.41
2026-05-08,1828.52,1828.52
2026-05-11,1828.73,1828.73
2026-05-12,1828.77,1828.77
2026-05-13,1828.89,1828.89
2026-05-18,1829.45,1829.45
2026-05-19,1829.49,1829.49
2026-05-20,1829.52,1829.52
2026-05-21,1829.55,1829.55
2026-05-22,1829.63,1829.63
2026-05-25,1829.96,1829.96
2026-05-26,1830.05,1830.05
2026-05-29,1830.1,1830.1
2026-06-02,1830.18,1830.18
2026-06-03,1830.2,1830.2
2026-06-04,1830.32,1830.32
2026-06-05,1830.33,1830.33
2026-06-08,1830.59,1830.59
2026-06-09,1830.6,1830.6
2026-06-10,1830.74,1830.74
2026-06-11,1830.78,1830.78
2026-06-12,1830.93,1830.93
2026-06-15,1831.16,1831.16
2026-06-17,1831.42,1831.42
2026-06-18,1831.45,1831.45
2026-06-19,1831.54,1831.54
2026-06-22,1831.85,1831.85
2026-06-23,1831.98,1831.98
2026-06-24,1832.02,1832.02
2026-06-25,1832.13,1832.13
2026-06-26,1832.25,1832.25
2026-06-29,1832.79,1832.79
2026-06-30,1832.83,1832.83
2026-07-01,1832.91,1832.91
2026-07-02,1833.02,1833.02
2026-07-03,1833.14,1833.14
2026-07-06,1833.56,1833.56
2026-07-07,1833.71,1833.71
2026-07-08,1833.81,1833.81
2026-07-09,1833.95,1833.95
2026-07-10,1834.07,1834.07
2026-07-13,1834.5,1834.5
2026-07-14,1834.67,1834.67
2026-07-15,1834.84,1834.84
2026-07-16,1835.03,1835.03
2026-07-17,1835.24,1835.24
2026-07-20,1835.86,1835.86
2026-07-21,1836.07,1836.07
2026-07-22,1836.29,1836.29
2026-07-23,1836.48,1836.48
2026-07-24,1836.68,1836.68
2026-07-27,1837.36,1837.36
2026-07-28,1837.47,1837.47
2026-07-29,1837.68,1837.68
2026-07-30,1837.72,1837.72
2026-07-31,1837.87,1837.87
2026-08-03,1838.57,1838.57
2026-08-04,1838.6,1838.6
2026-08-05,1838.9,1838.9
2026-08-06,1839.14,1839.14
2026-08-07,1839.39,1839.39
2026-08-10,1840.16,1840.16
2026-08-11,1840.24,1840.24
2026-08-12,1840.6,1840.6
2026-08-13,1841.17,1841.17
2026-08-14,1841.93,1841.93
2026-08-18,1842.79,1842.79
2026-08-19,1843.1,1843.1
2026-08-20,1843.57,1843.57
2026-08-21,1843.82,1843.82
2026-08-24,1844.69,1844.69
2026-08-26,1845.08,1845.08
2026-08-27,1845.42,1845.42
2026-08-28,1845.53,1845.53
2026-08-31,1846.42,1846.42
2026-09-01,1846.98,1846.98
2026-09-02,1846.88,1846.88
2026-09-03,1847.36,1847.36
2026-09-04,1847.65,1847.65
2026-09-07,1848.33,1848.33
2026-09-08,1849.11,1849.11
2026-09-09,1849.4,1849.4
2026-09-10,1849.28,1849.28
2026-09-11,1849.49,1849.49
2026-09-14,1850.19,1850.19
2026-09-15,1850.4,1850.4
2026-09-16,1850.6,1850.6
2026-09-17,1850.86,1850.86
2026-09-18,1851.1,1851.1
2026-09-21,1851.91,1851.91
2026-09-22,1852.33,1852.33
2026-09-23,1852.53,1852.53
2026-09-24,1852.6,1852.6
2026-09-25,1852.92,1852.92
2026-09-28,1853.62,1853.62
2026-09-29,1853.99,1853.99
2026-09-30,1854.3,1854.3
2026-10-01,1854.83,1854.83
2026-10-02,1855.06,1855.06
