date,units
2024-01-01,3529
2024-02-01,4129
2024-03-01,6781
2024-04-01,10130
2024-05-01,3587
2024-06-01,3587
2024-07-01,3480
2024-08-01,3480
2024-09-01,3490
2024-10-01,3500
2024-11-01,4617
2024-12-01,3522
2025-01-01,16409260
2025-02-01,22607812
2025-03-01,22607812
2025-04-01,22607812
2025-05-01,22607812
2025-06-01,22607812
2025-07-01,22607812
2025-08-01,22607812
2025-09-01,22609636
2025-10-01,22607812
2025-11-01,22607812
2025-12-01,22607812
2026-01-01,22607812
2026-02-01,22607688
2026-03-01,22607688
2026-04-01,22607688
2026-05-01,22607688
2026-06-01,22607688
2026-07-01,22607688
2026-08-01,22607688
