makmur_id,name,manager,category,route_category,url,currency,last_price,as_of,last_aum,inception_date,bibit_symbol
60dee1da83d25903cd37fe5b,Allianz Fixed Income Fund 2 Kelas A,PT Allianz Global Investors Asset Management Indonesia,fixedincome,pendapatan-tetap,allianz-fixed-income-fund-2-kelas-a-d8f66d4e692b,IDR,170669,2026-10-01,87510000000,2016-07-20,
60fe301f4ce7bd6b08deeb29,Allianz Indo Asia Equity Fund Kelas A,PT Allianz Global Investors Asset Management Indonesia,equity,saham,allianz-indo-asia-equity-fund-kelas-a-f2c06ade6177,IDR,107292,2026-10-01,67910000000,2017-01-06,
60dab82da0e7ab0a6943ed46,Allianz Rupiah Liquid Fund Kelas A,PT Allianz Global Investors Asset Management Indonesia,moneymarket,pasar-uang,allianz-rupiah-liquid-fund-kelas-a-5902d672685f,IDR,190062,2026-10-01,182890000000,2011-06-09,
60dab29da0e7ab0a6943ed45,Allianz SRI KEHATI Index Fund,PT Allianz Global Investors Asset Management Indonesia,equity,saham,allianz-sri-kehati-index-fund-d5da69edd8bf,IDR,84375,2026-10-01,61340000000,2017-11-08,
60eec58683d25903cd37ff6d,Avrist Ada Kas Mutiara,PT Avrist Asset Management,moneymarket,pasar-uang,avrist-ada-kas-mutiara-8389c11dbf1c,IDR,160228,2026-10-01,454585760000,2017-04-12,RD66
6114bceee93d4a5743f94712,Avrist Ada Liquid Syariah,PT Avrist Asset Management,moneymarket,pasar-uang,avrist-ada-liquid-syariah-3a897d18e6d0,IDR,133695,2026-10-01,94167900000,2020-03-05,RD3663
68c7bd9b334caac934c5c829,Avrist Ada Sukuk Berkah Syariah Kelas A,PT Avrist Asset Management,fixedincome,pendapatan-tetap,avrist-ada-sukuk-berkah-syariah-kelas-a-b19105b91453,IDR,102328,2026-10-01,318659050000,2017-08-07,
65b5e4bd3bd47139ba4e2894,Avrist Emerald Stable Fund,PT Avrist Asset Management,fixedincome,pendapatan-tetap,avrist-emerald-stable-fund-77604828d7c4,IDR,119370,2026-10-01,354388890000,2024-01-29,RD6413
60eebfad83d25903cd37ff6c,Avrist Prime Bond Fund,PT Avrist Asset Management,fixedincome,pendapatan-tetap,avrist-prime-bond-fund-5ed20487a934,IDR,198342,2026-10-01,42538210000,2014-05-21,RD83
60ef0320553d51302147a98a,Avrist Prime Income Fund,PT Avrist Asset Management,fixedincome,pendapatan-tetap,avrist-prime-income-fund-3518eb1f993d,IDR,104139,2026-10-01,57387750000,2014-12-09,
6895b6b5122fb8f5eecd31a7,Avrist Protected Fund 7,PT Avrist Asset Management,capitalprotected,terproteksi,avrist-protected-fund-7-09b6c166f74b,IDR,111249,2026-10-01,22633660000,2025-08-28,
67f4dd12c5988e812e4e9eb8,Avrist Sukuk Berkah 8,PT Avrist Asset Management,capitalprotected,terproteksi,avrist-sukuk-berkah-8-6de7adf515a2,IDR,106110,2026-10-01,47348420000,2025-05-07,
60ef0b1a553d51302147a98c,Avrist Sukuk Income Fund,PT Avrist Asset Management,fixedincome,pendapatan-tetap,avrist-sukuk-income-fund-0409167f5bb2,IDR,101855,2026-10-01,132067500000,2016-09-28,RD1720
60f943904ce7bd6b08deeb1a,Bahana ABF Indonesia Bond Index Fund,PT Bahana TCW Investment Management,fixedincome,pendapatan-tetap,bahana-abf-indonesia-bond-index-fund-9627e1c0108a,IDR,5920212,2026-10-01,7850300000000,2005-05-25,
60d204164cc7bb3913edb072,Bahana Dana Likuid Kelas G,PT Bahana TCW Investment Management,moneymarket,pasar-uang,bahana-dana-likuid-kelas-g-dedbc95aeeaa,IDR,201184,2026-10-01,3989550000000,2004-04-17,RD124
60d1ff1b4cc7bb3913edb070,Bahana Icon Syariah Kelas G,PT Bahana TCW Investment Management,equity,saham,bahana-icon-syariah-kelas-g-40716ceb0044,IDR,115071,2026-10-01,99910000000,2015-02-06,
60d2058c4cc7bb3913edb073,Bahana Likuid Syariah Kelas G,PT Bahana TCW Investment Management,moneymarket,pasar-uang,bahana-likuid-syariah-kelas-g-c1f1ab802c63,IDR,131165,2026-10-01,1416590000000,2020-03-16,RD3595
67f4d3dbc5988e812e4e9d59,Bahana Liquid USD,PT Bahana TCW Investment Management,moneymarket,pasar-uang,bahana-liquid-usd-b2dbfdcba9e3,USD,100,2026-10-01,64280000,2014-08-27,RD142
68a577b963796eb8829b7262,Bahana Makara Prima Kelas G,PT Bahana TCW Investment Management,fixedincome,pendapatan-tetap,bahana-makara-prima-kelas-g-d86cb0670b5e,IDR,348622,2026-10-01,4292830000000,2004-11-04,
60d201504cc7bb3913edb071,Bahana Mes Syariah Kelas G,PT Bahana TCW Investment Management,fixedincome,pendapatan-tetap,bahana-mes-syariah-kelas-g-ca1de951de05,IDR,163221,2026-10-01,245610000000,2016-11-11,
60d1f86a4cc7bb3913edb06f,Bahana Primavera 99 Kelas G,PT Bahana TCW Investment Management,equity,saham,bahana-primavera-99-kelas-g-fc7e1970785e,IDR,108031,2026-10-01,1510150000000,2020-04-13,RD3672
6205d80beefd610a89bb060c,Batavia Dana Dinamis,PT Batavia Prosperindo Aset Manajemen,mixed,campuran,batavia-dana-dinamis-6459c51d3d89,IDR,728357,2026-10-01,19274241654,2002-06-03,RD201
620381dbeefd610a89bb05da,Batavia Dana Kas Maxima,PT Batavia Prosperindo Aset Manajemen,moneymarket,pasar-uang,batavia-dana-kas-maxima-ba1a494c4c9c,IDR,192655,2026-10-01,14658993559006,2007-02-20,RD205
6203b661eefd610a89bb05e2,Batavia Dana Kas Syariah Kelas A,PT Batavia Prosperindo Aset Manajemen,moneymarket,pasar-uang,batavia-dana-kas-syariah-kelas-a-97a0722f7709,IDR,118037,2026-10-01,224967533510,2021-11-22,
630f2237d7f1440a7614e621,Batavia Dana Obligasi Ultima,PT Batavia Prosperindo Aset Manajemen,fixedincome,pendapatan-tetap,batavia-dana-obligasi-ultima-cff013796527,IDR,288773,2026-10-01,801921683814,2007-02-20,RD214
6203b94feefd610a89bb05ea,Batavia Dana Saham,PT Batavia Prosperindo Aset Manajemen,equity,saham,batavia-dana-saham-66bb3ddad78a,IDR,4812675,2026-10-01,926672909491,1996-12-16,RD216
6203bca9eefd610a89bb05eb,Batavia Dana Saham Optimal,PT Batavia Prosperindo Aset Manajemen,equity,saham,batavia-dana-saham-optimal-fa35aa7289a1,IDR,262647,2026-10-01,192878601696,2006-10-19,RD217
6203c40ceefd610a89bb05f3,Batavia Dana Saham Syariah,PT Batavia Prosperindo Aset Manajemen,equity,saham,batavia-dana-saham-syariah-e23668324807,IDR,143822,2026-10-01,26317693798,2007-07-19,RD218
6203c80ceefd610a89bb05fb,Batavia LQ45 Plus,PT Batavia Prosperindo Aset Manajemen,equity,saham,batavia-lq45-plus-be26c916fc71,IDR,70032,2026-10-01,12597149845,2014-05-02,RD220
6a607f7c108cb3346a291d0f,Batavia Technology Sharia Equity USD,PT Batavia Prosperindo Aset Manajemen,equity,saham,batavia-technology-sharia-equity-usd-b70d46a2e5d8,USD,156,2026-09-30,173281717,2022-02-16,RD4183
60d1ebb64cc7bb3913edb06b,BNI-AM Dana Lancar Syariah,PT BNI Asset Management,moneymarket,pasar-uang,bni-am-dana-lancar-syariah-52ecf7982c62,IDR,190764,2026-10-01,86213614599,2013-06-04,RD322
60d1eafd4cc7bb3913edb06a,BNI-AM Dana Likuid Kelas A,PT BNI Asset Management,moneymarket,pasar-uang,bni-am-dana-likuid-kelas-a-09e292e0a1a6,IDR,205793,2026-10-01,648228064777,2012-12-21,RD323
620c725f5266fd0a65d149ad,BNI-AM Dana Pendapatan Tetap Syariah Ardhani,PT BNI Asset Management,fixedincome,pendapatan-tetap,bni-am-dana-pendapatan-tetap-syariah-ardhani-ef27f27f88e7,IDR,155268,2026-10-01,278839123690,2016-07-11,RD332
655f1be00a05692600efca63,BNI-AM IDX High Dividend 20 Kelas R1,PT BNI Asset Management,equity,saham,bni-am-idx-high-dividend-20-kelas-r1-2a47bb9335a0,IDR,90597,2026-10-01,156463640141,2022-11-25,
61c058de63e85268b13970fa,BNI-AM Indeks IDX Growth30 Kelas R1,PT BNI Asset Management,equity,saham,bni-am-indeks-idx-growth30-kelas-r1-f04a0849993e,IDR,97533,2026-10-01,43702584090,2021-10-27,RD4090
60d1e87f4cc7bb3913edb069,BNI-AM Indeks IDX30,PT BNI Asset Management,equity,saham,bni-am-indeks-idx30-feb14861352e,IDR,61736,2026-10-01,935116154723,2017-12-28,RD337
60d1e7b24cc7bb3913edb068,BNI-AM Quality Long Duration Fund,PT BNI Asset Management,fixedincome,pendapatan-tetap,bni-am-quality-long-duration-fund-3b8dce96b7c7,IDR,160000,2026-10-01,9393089977,2016-05-30,
630f1ee9d7f1440a7614e620,BNI-AM Short Duration Bonds Index Kelas R1,PT BNI Asset Management,fixedincome,pendapatan-tetap,bni-am-short-duration-bonds-index-kelas-r1-ba64947584ca,IDR,105816,2026-10-01,205844607461,2021-11-02,
65572ad40a05692600ef8349,BNI-AM Teakwood Kelas R1,PT BNI Asset Management,fixedincome,pendapatan-tetap,bni-am-teakwood-kelas-r1-d10e782dc92b,IDR,96879,2026-10-01,2301371492559,2022-12-13,RD5827
6388786b79f48d91c48f0956,BRI Mawar,PT BRI Manajemen Investasi,equity,saham,bri-mawar-6b9e55548609,IDR,653805,2026-10-01,16190000000,1996-07-05,
61e68e9b3845210a42c0885a,BRI Mawar Fokus 10,PT BRI Manajemen Investasi,equity,saham,bri-mawar-fokus-10-4712bb131bfc,IDR,116543,2026-10-01,90920000000,2010-03-02,
61e6b8bb3845210a42c08862,BRI Melati Pendapatan Utama,PT BRI Manajemen Investasi,fixedincome,pendapatan-tetap,bri-melati-pendapatan-utama-55e66a6da7a8,IDR,197705,2026-10-01,217070000000,2012-09-27,RD578
6388710a79f48d91c48f08a1,BRI MI Anagata Lestari Berimbang kelas A,PT BRI Manajemen Investasi,mixed,campuran,bri-mi-anagata-lestari-berimbang-kelas-a-e8a7e54e50bf,IDR,596816,2026-10-01,26670000000,2000-12-01,
650c168b13be668f17faac02,BRI MSCI Indonesia ESG Screened Kelas A,PT BRI Manajemen Investasi,equity,saham,bri-msci-indonesia-esg-screened-kelas-a-37f557719628,IDR,63281,2026-10-01,106870000000,2022-07-15,RD5643
61e6bdc33845210a42c0886a,BRI Seruni Pasar Uang III,PT BRI Manajemen Investasi,moneymarket,pasar-uang,bri-seruni-pasar-uang-iii-48674b59dd35,IDR,190602,2026-10-01,2390000000000,2010-02-01,RD619
637f401a79f48d91c48ef208,BRI Seruni Pasar Uang Syariah,PT BRI Manajemen Investasi,moneymarket,pasar-uang,bri-seruni-pasar-uang-syariah-15eec9c7c994,IDR,143868,2026-10-01,1140000000000,2018-07-19,RD620
63886a6d79f48d91c48f084d,BRI Syariah Saham,PT BRI Manajemen Investasi,equity,saham,bri-syariah-saham-cc26a013530e,IDR,69464,2026-10-01,13560000000,2014-06-25,
6690fa23a9ee6c92948645c3,Capital Balanced Growth,PT Capital Asset Management,mixed,campuran,capital-balanced-growth-c88f50119990,IDR,114612,2026-10-01,10647477613,2018-10-15,RD442
60dee50a83d25903cd37fe5e,Capital Fixed Income Fund,PT Capital Asset Management,fixedincome,pendapatan-tetap,capital-fixed-income-fund-09e63e2f2630,IDR,210032,2026-10-01,1392181607760,2015-12-21,RD444
60deecb383d25903cd37fe5f,Capital Money Market Fund,PT Capital Asset Management,moneymarket,pasar-uang,capital-money-market-fund-4156d5a46202,IDR,185578,2026-10-01,1042409295132,2015-12-21,RD446
60dee44783d25903cd37fe5d,Capital Optimal Equity,PT Capital Asset Management,equity,saham,capital-optimal-equity-c721d550b011,IDR,86237,2026-10-01,7251426028,2017-02-06,RD448
6895a25663796eb8829a6eb7,Capital Optimal Protected Fund 15,PT Capital Asset Management,capitalprotected,terproteksi,capital-optimal-protected-fund-15-a7f0609d3e45,IDR,102951,2026-10-01,50000000000,2025-08-19,RD9533
658cf617ecd93f8c4b606409,Capital Sharia Fixed Income,PT Capital Asset Management,fixedincome,pendapatan-tetap,capital-sharia-fixed-income-06360d10abf8,IDR,124446,2026-10-01,518607919845,2023-08-01,RD6128
60deef0483d25903cd37fe60,Capital Sharia Money Market,PT Capital Asset Management,moneymarket,pasar-uang,capital-sharia-money-market-856d7acffdbe,IDR,153746,2026-10-01,75601136593,2017-12-05,RD452
62625c92a43a130a59b743f9,Danamas Fleksi,PT Sinarmas Asset Management,mixed,campuran,danamas-fleksi-dcd96cb04c99,IDR,583663,2026-10-01,27000000000,2005-03-30,RD552
62612144a43a130a59b743df,Danamas Pasti,PT Sinarmas Asset Management,fixedincome,pendapatan-tetap,danamas-pasti-1bf542c19447,IDR,537347,2026-10-01,668000000000,2003-04-28,RD553
62541b67bf54c80a4005db7b,Danamas Rupiah Plus,PT Sinarmas Asset Management,moneymarket,pasar-uang,danamas-rupiah-plus-b658f767197a,IDR,190568,2026-10-01,1529000000000,2006-06-13,RD555
625fe477a43a130a59b743d5,Danamas Stabil,PT Sinarmas Asset Management,fixedincome,pendapatan-tetap,danamas-stabil-e91efd5e9f22,IDR,533883,2026-10-01,16682000000000,2005-02-28,RD556
6aaa5c26b99ead6273dd2846,Danapathi Balance Fund,PT Danapathi Asset Management,mixed,campuran,danapathi-balance-fund-e6c63725f98e,IDR,288466,2026-10-01,99838653424,2013-02-08,
6833d9db1f93e8abc0801a24,Danapathi Money Market Fund,PT Danapathi Asset Management,moneymarket,pasar-uang,danapathi-money-market-fund-090c45cbae8c,IDR,156672,2026-10-01,827229170641,2017-08-28,
6847e350a96f747c954ac8dd,Danapathi Sukuk Syariah I,PT Danapathi Asset Management,fixedincome,pendapatan-tetap,danapathi-sukuk-syariah-i-8a35276dac1b,IDR,207038,2026-10-01,948731668112,2016-12-27,
615ebb9706b6703faa18b106,Eastspring Investments Alpha Navigator Kelas A,PT Eastspring Investments Indonesia,equity,saham,eastspring-investments-alpha-navigator-kelas-a-e68fb158eeb6,IDR,120002,2026-10-01,624840000000,2012-08-29,RD3507
615fb48506b6703faa18b14a,Eastspring Investments Cash Reserve Kelas A,PT Eastspring Investments Indonesia,moneymarket,pasar-uang,eastspring-investments-cash-reserve-kelas-a-e22ecc9fa23e,IDR,178824,2026-10-01,17960000000,2013-07-03,RD3448
61b6f3b663e85268b13970c2,Eastspring Investments IDR Fixed Income Kelas A,PT Eastspring Investments Indonesia,fixedincome,pendapatan-tetap,eastspring-investments-idr-fixed-income-kelas-a-c5da3575f1c1,IDR,185534,2026-10-01,5530000000000,2015-03-16,
615ec2ee06b6703faa18b10e,Eastspring Investments Value Discovery Kelas A,PT Eastspring Investments Indonesia,equity,saham,eastspring-investments-value-discovery-kelas-a-7189200d70ac,IDR,99484,2026-10-01,316540000000,2013-05-29,RD3509
615fb37206b6703faa18b149,Eastspring Investments Yield Discovery Kelas A,PT Eastspring Investments Indonesia,fixedincome,pendapatan-tetap,eastspring-investments-yield-discovery-kelas-a-4e34a20cd801,IDR,158561,2026-10-01,278430000000,2013-05-29,RD3510
6a61c79f108cb3346a2961a9,Eastspring Syariah Equity Islamic Asia Pacific USD Kelas A,PT Eastspring Investments Indonesia,equity,saham,eastspring-syariah-equity-islamic-asia-pacific-usd-kelas-a-88571877ebb4,USD,213,2026-09-30,7800000,2016-10-28,RD3523
61fb3a8f3845210a42c088a2,Eastspring Syariah Fixed Income Amanah Kelas A,PT Eastspring Investments Indonesia,fixedincome,pendapatan-tetap,eastspring-syariah-fixed-income-amanah-kelas-a-4b2274d5046b,IDR,157981,2026-10-01,1100000000000,2017-04-17,RD3487
6412d967792d78750b097edf,Eastspring Syariah Fixed Income USD Kelas A,PT Eastspring Investments Indonesia,fixedincome,pendapatan-tetap,eastspring-syariah-fixed-income-usd-kelas-a-b30afdeaa417,USD,93,2026-10-01,13490000,2021-04-15,RD3937
640142d64c3ab277e00dee60,Eastspring Syariah Greater China Equity USD Kelas A,PT Eastspring Investments Indonesia,equity,saham,eastspring-syariah-greater-china-equity-usd-kelas-a-686dc54bf71e,USD,82,2026-09-30,21580000,2020-06-15,RD3702
615e929506b6703faa18b0ff,Eastspring Syariah Money Market Khazanah Kelas A,PT Eastspring Investments Indonesia,moneymarket,pasar-uang,eastspring-syariah-money-market-khazanah-kelas-a-a183b14b80ce,IDR,123417,2026-10-01,48250000000,2018-12-26,RD3449
637f3ffc79f48d91c48ef205,I-Hajj Syariah Fund,PT Insight Investments Management,fixedincome,pendapatan-tetap,i-hajj-syariah-fund-158511ecee91,IDR,569308,2026-10-01,1476183596315,2005-01-17,RD706
691fe0a330df94d0758dcb74,Insight Elite Fund,PT Insight Investments Management,fixedincome,pendapatan-tetap,insight-elite-fund-f520ee40bd4b,IDR,230537,2026-10-01,157360868407,2016-09-29,
65dff54e86f16f565bb396ff,Insight Government Fund,PT Insight Investments Management,fixedincome,pendapatan-tetap,insight-government-fund-9cad153e49a2,IDR,135398,2026-10-01,128291111700,2016-07-28,RD722
637ee50479f48d91c48ef04e,Insight Money,PT Insight Investments Management,moneymarket,pasar-uang,insight-money-20ff31c73b9a,IDR,195621,2026-10-01,495774750503,2015-08-26,RD732
637f216179f48d91c48ef12c,Insight Money Syariah,PT Insight Investments Management,moneymarket,pasar-uang,insight-money-syariah-30adb361340b,IDR,179320,2026-10-01,667378019023,2015-09-30,RD733
64367a1f792d78750b0a3465,Insight Renewable Energy Fund,PT Insight Investments Management,fixedincome,pendapatan-tetap,insight-renewable-energy-fund-3ceb4858ef5a,IDR,258774,2026-10-01,966871378081,2011-06-22,
637f2ea679f48d91c48ef191,Insight Retail Cash Fund,PT Insight Investments Management,moneymarket,pasar-uang,insight-retail-cash-fund-c8c4080185d5,IDR,173826,2026-10-01,157179530808,2018-04-13,
66bd71d01947764d3c8182ed,Insight Sri Kehati Likuid,PT Insight Investments Management,equity,saham,insight-sri-kehati-likuid-164a549d1866,IDR,89523,2026-10-01,7387272591,2018-03-29,
643ccbc8792d78750b0a6217,Insight Wealth,PT Insight Investments Management,equity,saham,insight-wealth-6a58182140a7,IDR,71499,2026-10-01,48554554288,2014-10-15,
669739d5a9ee6c929486b5df,KIM Fixed Income Fund Plus,PT KIM Indonesia,fixedincome,pendapatan-tetap,kim-fixed-income-fund-plus-4d7fbdd03a46,IDR,117267,2026-10-01,3590844665581,2024-02-06,
68c7cc89334caac934c5cab1,KIM Fixed Income Sharia,PT KIM Indonesia,fixedincome,pendapatan-tetap,kim-fixed-income-sharia-0424e152b175,IDR,105644,2026-10-01,689929102194,2025-07-31,
6717128df238f889f35e63bd,KIM Money Market Fund,PT KIM Indonesia,moneymarket,pasar-uang,kim-money-market-fund-52334320fc4a,IDR,140136,2026-10-01,763913349113,2019-12-12,
6a20ef13d66515b1d21a1086,KISI Global Sharia Transformative Technology Equity Fund USD,PT KIM Indonesia,equity,saham,kisi-global-sharia-transformative-technology-equity-fund-usd-ffc4bc45cbee,USD,170,2026-09-30,572833,2024-11-18,
6911f38b43942404647042e7,Mandiri Investa Dana Utama Kelas A,PT Mandiri Manajemen Investasi,fixedincome,pendapatan-tetap,mandiri-investa-dana-utama-kelas-a-c27ef9ec71fe,IDR,240001,2026-10-01,1060000000000,2007-09-17,
691f1f0d30df94d0758d9dce,Mandiri Investa Indeks Obligasi Negara Kelas A,PT Mandiri Manajemen Investasi,fixedincome,pendapatan-tetap,mandiri-investa-indeks-obligasi-negara-kelas-a-729660a9480f,IDR,96010,2026-10-01,19570000000,2025-11-12,RD10041
691c7e9230df94d0758cd0e5,Mandiri Investa Pasar Uang 2,PT Mandiri Manajemen Investasi,moneymarket,pasar-uang,mandiri-investa-pasar-uang-2-a6131aa1e07c,IDR,132263,2026-10-01,39650000000,2018-03-15,
62626ad8a43a130a59b74402,Simas Syariah Berkembang,PT Sinarmas Asset Management,mixed,campuran,simas-syariah-berkembang-515695a39818,IDR,111914,2026-10-01,12000000000,2014-08-08,
626236c5a43a130a59b743f0,Simas Syariah Pendapatan Tetap,PT Sinarmas Asset Management,fixedincome,pendapatan-tetap,simas-syariah-pendapatan-tetap-a715aee2ee05,IDR,144681,2026-10-01,32000000000,2017-06-12,
6a8d40fba6ff74278d1a7cdb,STAR Balanced,PT STAR Asset Management,mixed,campuran,star-balanced-2c76906dd89c,IDR,621336,2026-10-01,116296313571,2005-03-03,
66fe246a32c900b0e5a74960,STAR Fixed Income Dollar,PT STAR Asset Management,fixedincome,pendapatan-tetap,star-fixed-income-dollar-b205ac355cb3,USD,110,2026-10-01,21699983,2017-07-10,
65b855533bd47139ba4e4250,STAR Infobank 15 Kelas Utama,PT STAR Asset Management,equity,saham,star-infobank-15-kelas-utama-2f518ee015d7,IDR,73345,2026-10-01,42594178066,2023-07-31,
6549ec065bcdc24d0cea6a7a,STAR Money Market Kelas Utama,PT STAR Asset Management,moneymarket,pasar-uang,star-money-market-kelas-utama-e99425b86000,IDR,155062,2026-10-01,312339539916,2017-07-24,
65b770f93bd47139ba4e3557,STAR Sharia Money Market,PT STAR Asset Management,moneymarket,pasar-uang,star-sharia-money-market-3961c7befa8d,IDR,127687,2026-10-01,18454991994,2021-04-16,
6549fbbe5bcdc24d0cea6b37,STAR Stable Amanah Sukuk,PT STAR Asset Management,fixedincome,pendapatan-tetap,star-stable-amanah-sukuk-bb03e0e22f40,IDR,121532,2026-10-01,1093479692960,2023-11-08,
65fcffb34a56f04220d17e11,STAR Stable Income Fund Kelas Utama,PT STAR Asset Management,fixedincome,pendapatan-tetap,star-stable-income-fund-kelas-utama-a4accf31b845,IDR,224145,2026-10-01,9845291757982,2016-04-29,
672d7dad2bc96007106dbad4,Sucorinvest Aggressive Balanced AI Fund,PT Sucorinvest Asset Management,mixed,campuran,sucorinvest-aggressive-balanced-ai-fund-2c61faa859f9,IDR,63827,2026-10-01,10090000000,2024-10-22,RD8864
622b54fabf54c80a4005d994,Sucorinvest Anak Pintar,PT Sucorinvest Asset Management,mixed,campuran,sucorinvest-anak-pintar-562339230ecf,IDR,372444,2026-10-01,427660000000,2017-02-23,
622afe8dbf54c80a4005d96f,Sucorinvest Bond Fund,PT Sucorinvest Asset Management,fixedincome,pendapatan-tetap,sucorinvest-bond-fund-982abb6b9292,IDR,171398,2026-10-01,395270000000,2016-12-07,
622c12cbbf54c80a4005d99e,Sucorinvest Citra Dana Berimbang,PT Sucorinvest Asset Management,mixed,campuran,sucorinvest-citra-dana-berimbang-ee8e6688b0fa,IDR,286736,2026-10-01,188060000000,2017-08-16,RD523
622ac5e0bf54c80a4005d957,Sucorinvest Equity Fund Kelas A,PT Sucorinvest Asset Management,equity,saham,sucorinvest-equity-fund-kelas-a-769cfd98c962,IDR,259008,2026-10-01,1580000000000,2012-05-08,RD1653
6242d9e3bf54c80a4005d9b3,Sucorinvest Flexi Fund,PT Sucorinvest Asset Management,mixed,campuran,sucorinvest-flexi-fund-a2ee5a67611d,IDR,634909,2026-10-01,116830000000,2006-12-06,RD1655
65dd5ae586f16f565bb37350,Sucorinvest IDX30,PT Sucorinvest Asset Management,equity,saham,sucorinvest-idx30-c109b9c77332,IDR,78039,2026-10-01,32600000000,2022-12-20,RD5741
622ad4cbbf54c80a4005d95f,Sucorinvest Maxi Fund,PT Sucorinvest Asset Management,equity,saham,sucorinvest-maxi-fund-b1bd5786d824,IDR,256542,2026-10-01,1230000000000,2014-07-18,RD1656
622b24d0bf54c80a4005d98d,Sucorinvest Money Market Fund,PT Sucorinvest Asset Management,moneymarket,pasar-uang,sucorinvest-money-market-fund-b7149591679c,IDR,199507,2026-10-01,9710000000000,2014-08-04,RD1657
6805eef1bf51ac8674b5fe3e,Sucorinvest Money Market USD,PT Sucorinvest Asset Management,moneymarket,pasar-uang,sucorinvest-money-market-usd-41dd8e00f35d,USD,109,2026-10-01,18120000,2024-10-10,RD8839
638882b279f48d91c48f0a26,Sucorinvest Monthly Income Fund Kelas A,PT Sucorinvest Asset Management,fixedincome,pendapatan-tetap,sucorinvest-monthly-income-fund-kelas-a-8f84a36f4a59,IDR,108588,2026-10-01,4000000000000,2021-10-28,
68a53a9c2f36c942296849da,Sucorinvest PHEI AAA Corporate Bond Fund,PT Sucorinvest Asset Management,fixedincome,pendapatan-tetap,sucorinvest-phei-aaa-corporate-bond-fund-d3182ae9af53,IDR,109347,2026-10-01,16560000000,2025-05-19,RD9360
63ad565c79f48d91c48f66f8,Sucorinvest Premium Fund Kelas A,PT Sucorinvest Asset Management,mixed,campuran,sucorinvest-premium-fund-kelas-a-f7985238cb0f,IDR,176076,2026-10-01,932610000000,2014-01-27,RD1658
68a2b7ea63796eb8829b41b0,Sucorinvest Premium Sovereign Balanced Fund Kelas A,PT Sucorinvest Asset Management,mixed,campuran,sucorinvest-premium-sovereign-balanced-fund-kelas-a-df070ded7f54,IDR,107455,2026-10-01,650860000000,2025-03-19,RD9300
686233db0a35a0fd218d755d,Sucorinvest Proteksi 52,PT Sucorinvest Asset Management,capitalprotected,terproteksi,sucorinvest-proteksi-52-54801f313134,IDR,107782,2026-10-01,63240000000,2025-07-10,
65a67e0b3bd47139ba4d752c,Sucorinvest Sharia Balanced Fund,PT Sucorinvest Asset Management,mixed,campuran,sucorinvest-sharia-balanced-fund-5da1eedb398d,IDR,127175,2026-10-01,1700000000000,2019-05-23,RD3194
6242e43bbf54c80a4005d9bc,Sucorinvest Sharia Equity Fund,PT Sucorinvest Asset Management,equity,saham,sucorinvest-sharia-equity-fund-a843999b5906,IDR,171798,2026-10-01,983020000000,2013-11-08,RD1668
622b1c2fbf54c80a4005d986,Sucorinvest Sharia Money Market Fund,PT Sucorinvest Asset Management,moneymarket,pasar-uang,sucorinvest-sharia-money-market-fund-bbea1f09412c,IDR,150024,2026-10-01,7100000000000,2018-09-24,RD1669
6242f3aabf54c80a4005d9c4,Sucorinvest Sharia Sukuk Fund Kelas A,PT Sucorinvest Asset Management,fixedincome,pendapatan-tetap,sucorinvest-sharia-sukuk-fund-kelas-a-d90869859872,IDR,131277,2026-10-01,3400000000000,2021-10-29,RD4046
622b0bb8bf54c80a4005d977,Sucorinvest Stable Fund,PT Sucorinvest Asset Management,fixedincome,pendapatan-tetap,sucorinvest-stable-fund-3a9aaf24b860,IDR,146862,2026-10-01,2160000000000,2020-02-17,RD3561
622ae378bf54c80a4005d967,Sucorinvest Sustainability Equity Fund,PT Sucorinvest Asset Management,equity,saham,sucorinvest-sustainability-equity-fund-70b552f97d70,IDR,128867,2026-10-01,34690000000,2021-10-27,RD4042
634d648b79f48d91c48e7176,Sucorinvest USD Balanced Fund,PT Sucorinvest Asset Management,mixed,campuran,sucorinvest-usd-balanced-fund-2b8b31d31638,USD,154,2026-10-01,2900000,2020-02-10,RD3778
61260b68e93d4a5743f947a5,Syailendra Balanced Opportunity Fund Kelas A,PT Syailendra Capital,mixed,campuran,syailendra-balanced-opportunity-fund-kelas-a-25d4061fc1bb,IDR,433194,2026-10-01,1510000000000,2008-04-22,
6108ecc84ce7bd6b08deeb3b,Syailendra Dana Kas,PT Syailendra Capital,moneymarket,pasar-uang,syailendra-dana-kas-31754fdb122c,IDR,183206,2026-10-01,3260000000000,2015-06-12,RD1694
62da2bf00e711d0a4c5eb0f2,Syailendra Equity Opportunity Fund Kelas A,PT Syailendra Capital,equity,saham,syailendra-equity-opportunity-fund-kelas-a-926bbe2e4843,IDR,401079,2026-10-01,220100000000,2007-06-07,
617a21b206b6703faa18b1d3,Syailendra Fixed Income Fund Kelas A,PT Syailendra Capital,fixedincome,pendapatan-tetap,syailendra-fixed-income-fund-kelas-a-613a5e1b9369,IDR,270907,2026-10-01,100180000000,2011-12-08,
617a204d06b6703faa18b1d2,Syailendra MSCI Indonesia Value Index Fund Kelas A,PT Syailendra Capital,equity,saham,syailendra-msci-indonesia-value-index-fund-kelas-a-0e8b2a1deac8,IDR,81940,2026-10-01,411100000000,2018-06-08,
63e1ff7035b09317fa38abbf,Syailendra Pendapatan Tetap Premium Kelas A,PT Syailendra Capital,fixedincome,pendapatan-tetap,syailendra-pendapatan-tetap-premium-kelas-a-ffc6adbdee4a,IDR,201591,2026-10-01,2050000000000,2017-03-17,
665fee517f3b533b06655cef,Syailendra Pendapatan Total Return Kelas A,PT Syailendra Capital,fixedincome,pendapatan-tetap,syailendra-pendapatan-total-return-kelas-a-cc9cc28a3a5f,IDR,105444,2026-10-01,1000000000000,2023-11-03,RD6279
691dd93730df94d0758d3c14,Syailendra Sharia Fixed Income Fund Kelas A,PT Syailendra Capital,fixedincome,pendapatan-tetap,syailendra-sharia-fixed-income-fund-kelas-a-00e2ae32e7b6,IDR,120913,2026-10-01,2570000000000,2024-01-29,
625396dabf54c80a4005db6a,Syailendra Sharia Money Market Fund Kelas A,PT Syailendra Capital,moneymarket,pasar-uang,syailendra-sharia-money-market-fund-kelas-a-d33427bae793,IDR,154901,2026-10-01,1130000000000,2017-08-25,
67b59e7592fbf44c2dca1ab0,TRIM Dana Tetap 2 Kelas A,PT Trimegah Asset Management,fixedincome,pendapatan-tetap,trim-dana-tetap-2-kelas-a-a0d2e88d8b25,IDR,351782,2026-10-01,2751460000000,2008-05-21,RD1763
60d1bccf4cc7bb3913edb061,Trim Kapital Plus,PT Trimegah Asset Management,equity,saham,trim-kapital-plus-bd14a929012f,IDR,416830,2026-10-01,588870000000,2008-05-26,RD1765
60d1e13e4cc7bb3913edb065,TRIM Kas 2 Kelas A,PT Trimegah Asset Management,moneymarket,pasar-uang,trim-kas-2-kelas-a-3ee9c9018b87,IDR,205987,2026-10-01,9844540000000,2008-04-11,RD1766
6a4e0afcbb5c471dfd215d6d,TRIM Kas USD,PT Trimegah Asset Management,moneymarket,pasar-uang,trim-kas-usd-ea38e6b1f0f3,USD,101,2026-10-01,5789000,2026-04-08,RD10476
61d7d38a0a74230a5907d4c8,TRIM Syariah Berimbang,PT Trimegah Asset Management,mixed,campuran,trim-syariah-berimbang-a9a85d3f0182,IDR,334565,2026-10-01,147280000000,2006-12-27,RD1365
61d8475ffbead40a510aa18d,TRIM Syariah Saham Kelas A,PT Trimegah Asset Management,equity,saham,trim-syariah-saham-kelas-a-7fde063df3ec,IDR,160324,2026-10-01,378620000000,2006-12-27,RD1366
60d1e69d4cc7bb3913edb067,Trimegah Balanced Absolute Strategy Kelas A,PT Trimegah Asset Management,mixed,campuran,trimegah-balanced-absolute-strategy-kelas-a-75680a9802bc,IDR,166025,2026-10-01,1280870000000,2019-04-25,RD3170
65b070ed3bd47139ba4debf0,Trimegah Balanced Absolute Strategy Low Volatility,PT Trimegah Asset Management,mixed,campuran,trimegah-balanced-absolute-strategy-low-volatility-33925e0cc236,IDR,115758,2026-10-01,104500000000,2023-03-03,RD5747
64772376b60bc963c1abbde7,Trimegah Dana Kas 1,PT Trimegah Asset Management,moneymarket,pasar-uang,trimegah-dana-kas-1-30b7ad241d4e,IDR,123841,2026-10-01,34260000000,2020-06-25,RD3715
67bc706092fbf44c2dcab0f9,Trimegah Dana Tetap Syariah Kelas A,PT Trimegah Asset Management,fixedincome,pendapatan-tetap,trimegah-dana-tetap-syariah-kelas-a-955035ded325,IDR,156195,2026-10-01,4960150000000,2019-12-05,RD3480
60d1c49a4cc7bb3913edb063,Trimegah Fixed Income Plan,PT Trimegah Asset Management,fixedincome,pendapatan-tetap,trimegah-fixed-income-plan-667eadad7fcf,IDR,117952,2026-10-01,7194000000000,2019-05-23,RD3195
64d46eef7ee3acc13eccf7d8,Trimegah Fixed Income Plan Syariah Kelas A,PT Trimegah Asset Management,fixedincome,pendapatan-tetap,trimegah-fixed-income-plan-syariah-kelas-a-a7ec9e482637,IDR,108363,2026-10-01,416840000000,2023-05-25,RD5995
60d1dfcd4cc7bb3913edb064,Trimegah FTSE Indonesia Low Volatility Factor Index Kelas A,PT Trimegah Asset Management,equity,saham,trimegah-ftse-indonesia-low-volatility-factor-index-kelas-a-ba448fc6420c,IDR,88139,2026-10-01,22480000000,2021-02-19,RD3901
60d1e3314cc7bb3913edb066,Trimegah Kas Syariah,PT Trimegah Asset Management,moneymarket,pasar-uang,trimegah-kas-syariah-e6968c1bd7bb,IDR,154783,2026-10-01,2234580000000,2016-12-22,RD1775
