date,nav
2015-08-12,1000
2015-08-13,1000.1243
2015-08-14,1000.2486
2015-08-18,1001.0014
2015-08-19,1001.1607
2015-08-20,1001.32
2015-08-21,1001.4792
2015-08-24,1001.9568
2015-08-25,1002.1159
2015-08-26,1002.2751
2015-08-27,1002.4343
2015-08-28,1002.5933
2015-08-31,1003.0705
2015-09-01,1003.2295
2015-09-02,1003.383
2015-09-03,1003.5396
2015-09-04,1003.6714
2015-09-07,1004.0963
2015-09-08,1004.257
2015-09-09,1004.4168
2015-09-10,1004.5764
2015-09-11,1004.7371
2015-09-14,1005.1982
2015-09-15,1005.2718
2015-09-16,1005.4309
2015-09-17,1005.5885
2015-09-18,1005.7484
2015-09-21,1006.2185
2015-09-22,1006.3771
2015-09-23,1006.5366
2015-09-25,1006.8547
2015-09-28,1007.33
2015-09-29,1007.4892
2015-09-30,1007.6475
2015-10-01,1007.8173
2015-10-02,1007.9814
2015-10-05,1008.4488
2015-10-06,1008.6129
2015-10-07,1008.7785
2015-10-08,1008.9384
2015-10-09,1009.0834
2015-10-12,1009.58
2015-10-13,1009.7322
2015-10-15,1010.0527
2015-10-16,1010.2126
2015-10-19,1010.7011
2015-10-20,1010.8639
2015-10-21,1009.1551
2015-10-22,1009.5669
2015-10-23,1009.6302
2015-10-26,1010.023
2015-10-27,1010.2004
2015-10-28,1010.2849
2015-10-29,1010.5751
2015-10-30,1010.7487
2015-11-02,1011.0392
2015-11-03,1011.2264
2015-11-04,1011.5052
2015-11-05,1011.7572
2015-11-06,1011.9172
2015-11-09,1012.4808
2015-11-10,1012.6225
2015-11-11,1012.7564
2015-11-12,1012.9808
2015-11-13,1013.1844
2015-11-16,1013.7564
2015-11-17,1013.8183
2015-11-18,1014.0839
2015-11-19,1014.2556
2015-11-20,1014.4327
2015-11-23,1015.0247
2015-11-24,1015.2128
2015-11-25,1015.4129
2015-11-26,1015.6357
2015-11-27,1016.3187
2015-11-30,1016.9074
2015-12-01,1017.0136
2015-12-02,1017.0693
2015-12-03,1017.4494
2015-12-04,1019.6046
2015-12-07,1020.2212
2015-12-08,1020.1446
2015-12-10,1020.3711
2015-12-11,1020.5659
2015-12-14,1020.9486
2015-12-15,1020.9351
2015-12-16,1020.8498
2015-12-17,1021.004
2015-12-18,1021.1771
2015-12-21,1021.6743
2015-12-22,1021.9602
2015-12-23,1022.0542
2015-12-28,1022.9606
2015-12-29,1024.6828
2015-12-30,1024.8985
2016-01-04,1026.3211
2016-01-05,1027.4409
2016-01-06,1028.3444
2016-01-07,1029.3727
2016-01-08,1029.5783
2016-01-11,1029.9305
2016-01-12,1030.1532
2016-01-13,1030.3828
2016-01-14,1031.2979
2016-01-15,1031.4076
2016-01-18,1032.1024
2016-01-19,1032.1939
2016-01-20,1032.2752
2016-01-21,1033.2024
2016-01-22,1033.3427
2016-01-25,1033.788
2016-01-26,1033.9582
2016-01-27,1034.1196
2016-01-28,1034.3674
2016-01-29,1036.3112
2016-02-01,1037.693
2016-02-02,1037.9039
2016-02-03,1039.1191
2016-02-04,1039.1107
2016-02-05,1039.2062
2016-02-09,1039.7356
2016-02-10,1039.7039
2016-02-11,1040.4182
2016-02-12,1040.5692
2016-02-15,1040.9533
2016-02-16,1040.9615
2016-02-17,1040.5364
2016-02-18,1039.0573
2016-02-19,1039.2534
2016-02-22,1039.8106
2016-02-23,1039.6354
2016-02-24,1039.9744
2016-02-25,1039.671
2016-02-26,1040.6459
2016-02-29,1041.5025
2016-03-01,1041.6176
2016-03-02,1041.7809
2016-03-03,1042.7282
2016-03-04,1042.7269
2016-03-07,1044.2711
2016-03-08,1044.2483
2016-03-10,1044.8451
2016-03-11,1045.1085
2016-03-14,1044.9571
2016-03-15,1045.0736
2016-03-16,1043.9997
2016-03-17,1044.1902
2016-03-18,1044.4257
2016-03-21,1044.929
2016-03-22,1045.2122
2016-03-23,1046.274
2016-03-24,1046.5857
2016-03-28,1046.9947
2016-03-29,1048.1275
2016-03-30,1048.7375
2016-03-31,1048.8131
2016-04-01,1048.1487
2016-04-04,1049.15
2016-04-05,1049.7416
2016-04-06,1050.0796
2016-04-07,1050.4221
2016-04-08,1050.5174
2016-04-11,1051.0118
2016-04-12,1051.0917
2016-04-13,1052.1053
2016-04-14,1052.2001
2016-04-15,1052.4804
2016-04-18,1053.1504
2016-04-19,1053.5129
2016-04-20,1053.7821
2016-04-21,1054.1494
2016-04-22,1054.1093
2016-04-25,1054.5049
2016-04-26,1054.757
2016-04-27,1055.2048
2016-04-28,1055.4807
2016-04-29,1055.6926
2016-05-02,1056.645
2016-05-03,1056.9384
2016-05-04,1057.273
2016-05-09,1057.8618
2016-05-10,1058.6498
2016-05-11,1058.548
2016-05-12,1058.922
2016-05-13,1059.146
2016-05-16,1060.3429
2016-05-17,1060.3252
2016-05-18,1060.3694
2016-05-19,1060.1847
2016-05-20,1060.6686
2016-05-23,1061.0682
2016-05-24,1061.2707
2016-05-25,1061.935
2016-05-26,1062.3943
2016-05-27,1062.9528
2016-05-30,1063.5715
2016-05-31,1063.4746
2016-06-01,1063.7436
2016-06-02,1063.8018
2016-06-03,1063.5635
2016-06-06,1063.7246
2016-06-07,1062.8548
2016-06-08,1062.5254
2016-06-09,1062.7897
2016-06-10,1063.1037
2016-06-13,1063.9017
2016-06-14,1064.0852
2016-06-15,1064.378
2016-06-16,1064.742
2016-06-17,1065.1559
2016-06-20,1065.4191
2016-06-21,1065.6036
2016-06-22,1065.8219
2016-06-23,1065.9051
2016-06-24,1066.105
2016-06-27,1067.1261
2016-06-28,1067.6535
2016-06-29,1068.0495
2016-06-30,1068.1847
2016-07-01,1068.522
2016-07-11,1071.0963
2016-07-12,1070.3122
2016-07-13,1070.3935
2016-07-14,1070.8917
2016-07-15,1071.2494
2016-07-18,1071.8634
2016-07-19,1072.0989
2016-07-20,1071.8574
2016-07-21,1072.0459
2016-07-22,1072.5463
2016-07-25,1073.09
2016-07-26,1073.2563
2016-07-27,1073.4135
2016-07-28,1073.7359
2016-07-29,1074.1438
2016-08-01,1074.7322
2016-08-02,1075.0851
2016-08-03,1075.2858
2016-08-04,1075.458
2016-08-05,1075.7139
2016-08-08,1076.0974
2016-08-09,1076.394
2016-08-10,1076.671
2016-08-11,1076.7735
2016-08-12,1076.8995
2016-08-15,1077.4079
2016-08-16,1077.856
2016-08-18,1077.9265
2016-08-19,1078.2105
2016-08-22,1078.5156
2016-08-23,1078.308
2016-08-24,1080.5363
2016-08-25,1080.3133
2016-08-26,1080.5662
2016-08-29,1081.2959
2016-08-30,1081.5635
2016-08-31,1081.3818
2016-09-01,1081.6947
2016-09-02,1081.6828
2016-09-05,1082.0721
2016-09-06,1082.3863
2016-09-07,1082.5532
2016-09-08,1082.2815
2016-09-09,1082.2164
2016-09-13,1082.5158
2016-09-14,1082.269
2016-09-15,1082.1231
2016-09-16,1082.1837
2016-09-19,1082.4319
2016-09-20,1082.4838
2016-09-21,1082.8448
2016-09-22,1082.194
2016-09-23,1082.4417
2016-09-26,1083.0669
2016-09-27,1083.1621
2016-09-28,1083.2088
2016-09-29,1083.3818
2016-09-30,1083.481
2016-10-03,1084.2421
2016-10-04,1084.5037
2016-10-05,1084.7681
2016-10-06,1084.5975
2016-10-07,1084.1431
2016-10-10,1084.7974
2016-10-11,1085.0709
2016-10-12,1084.7944
2016-10-13,1084.6702
2016-10-14,1084.5248
2016-10-17,1085.194
2016-10-18,1085.9926
2016-10-19,1086.0821
2016-10-20,1085.8624
2016-10-21,1086.461
2016-10-24,1086.3597
2016-10-25,1086.8604
2016-10-26,1087.0745
2016-10-27,1087.2475
2016-10-28,1087.7763
2016-10-31,1087.6859
2016-11-01,1087.6789
2016-11-02,1087.9651
2016-11-03,1088.1717
2016-11-04,1088.3831
2016-11-07,1088.9564
2016-11-08,1089.4372
2016-11-09,1089.4567
2016-11-10,1090.0883
2016-11-11,1090.4691
2016-11-14,1089.7718
2016-11-15,1087.395
2016-11-16,1085.6843
2016-11-17,1084.5895
2016-11-18,1083.3408
2016-11-21,1082.7034
2016-11-22,1082.0127
2016-11-23,1081.7657
2016-11-24,1082.8876
2016-11-25,1083.3003
2016-11-28,1083.839
2016-11-29,1084.1529
2016-11-30,1084.6271
2016-12-01,1085.2087
2016-12-02,1085.3545
2016-12-05,1086.2863
2016-12-06,1086.8456
2016-12-07,1087.6089
2016-12-08,1087.8607
2016-12-09,1087.926
2016-12-13,1089.2304
2016-12-14,1088.7606
2016-12-15,1088.8547
2016-12-16,1089.0554
2016-12-19,1089.3551
2016-12-20,1089.0685
2016-12-21,1089.2824
2016-12-22,1089.3806
2016-12-23,1089.1982
2016-12-27,1089.3974
2016-12-28,1089.673
2016-12-29,1090.0913
2016-12-30,1090.363
2017-01-03,1090.6042
2017-01-04,1091.2417
2017-01-05,1091.596
2017-01-06,1091.7912
2017-01-09,1092.3246
2017-01-10,1092.5637
2017-01-11,1092.671
2017-01-12,1092.2085
2017-01-13,1092.4075
2017-01-16,1092.9494
2017-01-17,1093.158
2017-01-18,1093.2035
2017-01-19,1093.4121
2017-01-20,1093.5464
2017-01-23,1094.0415
2017-01-24,1094.0958
2017-01-25,1094.1057
2017-01-26,1094.3018
2017-01-27,1094.3114
2017-01-30,1094.552
2017-01-31,1094.5878
2017-02-01,1094.589
2017-02-02,1094.6267
2017-02-03,1094.8042
2017-02-06,1095.3044
2017-02-07,1095.5144
2017-02-08,1095.4794
2017-02-09,1095.5736
2017-02-10,1095.7375
2017-02-13,1096.1047
2017-02-14,1096.2517
2017-02-16,1096.6211
2017-02-17,1096.8092
2017-02-20,1097.1593
2017-02-21,1097.3912
2017-02-22,1097.5989
2017-02-23,1097.6689
2017-02-24,1097.7498
2017-02-27,1097.7337
2017-02-28,1098.1811
2017-03-01,1098.0275
2017-03-02,1098.153
2017-03-03,1098.2111
2017-03-06,1098.5015
2017-03-07,1098.6437
2017-03-08,1098.7167
2017-03-09,1098.84
2017-03-10,1098.9698
2017-03-13,1098.7523
2017-03-14,1098.5491
2017-03-15,1098.594
2017-03-16,1098.8093
2017-03-17,1098.9335
2017-03-20,1099.3463
2017-03-21,1099.6086
2017-03-22,1099.8176
2017-03-23,1099.9566
2017-03-24,1100.1123
2017-03-27,1100.5141
2017-03-29,1100.7671
2017-03-30,1100.9084
2017-03-31,1100.8974
2017-04-03,1101.3964
2017-04-04,1101.2209
2017-04-05,1101.325
2017-04-06,1101.5089
2017-04-07,1101.5989
2017-04-10,1102.0278
2017-04-11,1102.119
2017-04-12,1102.2302
2017-04-13,1102.3286
2017-04-17,1102.8723
2017-04-18,1103.0469
2017-04-20,1103.3095
2017-04-21,1103.4549
2017-04-25,1103.1329
2017-04-26,1103.2653
2017-04-27,1103.373
2017-04-28,1103.5191
2017-05-02,1104.0744
2017-05-03,1104.1837
2017-05-04,1104.2823
2017-05-05,1104.3752
2017-05-08,1104.6432
2017-05-09,1104.7547
2017-05-10,1104.8724
2017-05-12,1105.0856
2017-05-15,1104.8355
2017-05-16,1106.4179
2017-05-17,1106.5187
2017-05-18,1106.6248
2017-05-19,1106.7295
2017-05-22,1107.0483
2017-05-23,1107.1649
2017-05-24,1107.2786
2017-05-26,1107.5062
2017-05-29,1107.8845
2017-05-30,1107.9788
2017-05-31,1108.0775
2017-06-02,1108.3474
2017-06-05,1108.7782
2017-06-06,1108.8745
2017-06-07,1108.9843
2017-06-08,1109.0982
2017-06-09,1109.2112
2017-06-12,1109.5543
2017-06-13,1109.7382
2017-06-14,1109.9341
2017-06-15,1110.1205
2017-06-16,1110.2495
2017-06-19,1110.6678
2017-06-20,1110.7893
2017-06-21,1110.9061
2017-06-22,1111.0328
2017-07-03,1111.4114
2017-07-04,1111.4514
2017-07-05,1111.5522
2017-07-06,1111.7018
2017-07-07,1111.8252
2017-07-10,1112.2161
2017-07-11,1112.3378
2017-07-12,1112.463
2017-07-13,1112.5807
2017-07-14,1112.4797
2017-07-17,1112.8439
2017-07-18,1112.9703
2017-07-19,1113.0966
2017-07-20,1113.2319
2017-07-21,1113.369
2017-07-24,1113.7639
2017-07-25,1113.8796
2017-07-26,1113.9581
2017-07-27,1114.0866
2017-07-28,1114.2145
2017-07-31,1114.5967
2017-08-01,1114.7212
2017-08-02,1114.6734
2017-08-03,1114.7737
2017-08-04,1114.8836
2017-08-07,1115.1891
2017-08-08,1115.2453
2017-08-09,1115.3402
2017-08-10,1115.4045
2017-08-11,1115.4422
2017-08-14,1115.4908
2017-08-15,1114.7322
2017-08-16,1116.1528
2017-08-18,1116.4344
2017-08-21,1116.8725
2017-08-22,1116.9569
2017-08-23,1117.058
2017-08-24,1117.2401
2017-08-25,1117.3739
2017-08-28,1118.1904
2017-08-29,1118.2305
2017-08-30,1118.2918
2017-08-31,1118.3241
2017-09-04,1118.8266
2017-09-05,1118.9007
2017-09-06,1118.9744
2017-09-07,1119.0524
2017-09-08,1119.1425
2017-09-11,1119.4503
2017-09-12,1119.4728
2017-09-13,1119.513
2017-09-14,1119.3175
2017-09-15,1119.2112
2017-09-18,1119.4095
2017-09-19,1119.304
2017-09-20,1119.4754
2017-09-22,1119.8288
2017-09-25,1120.0636
2017-09-26,1120.3335
2017-09-27,1120.32
2017-09-28,1119.5664
2017-09-29,1120.0359
2017-10-02,1120.562
2017-10-03,1120.047
2017-10-04,1120.0563
2017-10-05,1120.1487
2017-10-06,1120.1436
2017-10-09,1120.5837
2017-10-10,1120.6719
2017-10-11,1120.7347
2017-10-12,1120.9018
2017-10-13,1121.0557
2017-10-16,1121.4891
2017-10-17,1121.7252
2017-10-18,1121.807
2017-10-19,1121.8719
2017-10-20,1121.9894
2017-10-23,1122.3645
2017-10-24,1122.4908
2017-10-25,1122.5611
2017-10-26,1122.812
2017-10-27,1122.9281
2017-10-30,1123.2392
2017-10-31,1123.8282
2017-11-01,1124.1542
2017-11-02,1124.2857
2017-11-03,1124.5585
2017-11-06,1124.8753
2017-11-07,1125.5319
2017-11-08,1125.6291
2017-11-09,1125.7782
2017-11-10,1125.8962
2017-11-13,1126.4028
2017-11-14,1126.4094
2017-11-15,1126.6118
2017-11-16,1126.8085
2017-11-17,1127.034
2017-11-20,1127.4502
2017-11-21,1127.5515
2017-11-22,1127.7098
2017-11-23,1127.8338
2017-11-24,1127.9629
2017-11-27,1128.4471
2017-11-28,1128.5949
2017-11-29,1128.7205
2017-11-30,1129.315
2017-12-04,1129.9585
2017-12-05,1129.7146
2017-12-06,1129.9953
2017-12-07,1130.4672
2017-12-08,1130.1658
2017-12-11,1130.6104
2017-12-12,1131.0593
2017-12-13,1130.8981
2017-12-14,1131.2096
2017-12-15,1131.262
2017-12-18,1131.7257
2017-12-19,1132.4739
2017-12-20,1132.6199
2017-12-21,1132.1786
2017-12-22,1133.0314
2017-12-27,1133.1967
2017-12-28,1133.2652
2017-12-29,1133.9231
2018-01-02,1133.8542
2018-01-03,1133.9879
2018-01-04,1134.621
2018-01-05,1134.349
2018-01-08,1134.8558
2018-01-09,1134.9782
2018-01-10,1135.1121
2018-01-11,1135.3155
2018-01-12,1135.4969
2018-01-15,1135.9679
2018-01-16,1136.0786
2018-01-17,1136.3816
2018-01-18,1136.5227
2018-01-19,1136.682
2018-01-22,1137.0713
2018-01-23,1137.2188
2018-01-24,1137.3831
2018-01-25,1137.5256
2018-01-26,1137.6353
2018-01-29,1137.9959
2018-01-30,1138.1002
2018-01-31,1138.0984
2018-02-01,1138.2918
2018-02-02,1138.4461
2018-02-05,1138.8417
2018-02-06,1138.982
2018-02-07,1139.0964
2018-02-08,1139.1918
2018-02-09,1139.3785
2018-02-12,1139.8996
2018-02-13,1140.0677
2018-02-14,1140.2611
2018-02-15,1140.4605
2018-02-19,1140.9907
2018-02-20,1141.0982
2018-02-21,1141.2499
2018-02-22,1141.3487
2018-02-23,1141.5153
2018-02-26,1141.8941
2018-02-27,1142.0684
2018-02-28,1142.3364
2018-03-01,1142.3955
2018-03-02,1142.457
2018-03-05,1142.8275
2018-03-06,1142.9351
2018-03-07,1143.0111
2018-03-08,1143.0999
2018-03-09,1143.1049
2018-03-12,1143.5177
2018-03-13,1143.6775
2018-03-14,1143.8431
2018-03-15,1143.9362
2018-03-16,1144.0285
2018-03-19,1144.5554
2018-03-20,1144.659
2018-03-21,1144.7528
2018-03-22,1144.1358
2018-03-23,1144.2005
2018-03-26,1144.5484
2018-03-27,1145.4713
2018-03-28,1145.5499
2018-03-29,1145.7091
2018-04-02,1146.2946
2018-04-03,1146.3834
2018-04-04,1146.5059
2018-04-05,1146.5551
2018-04-06,1146.6786
2018-04-09,1147.0538
2018-04-10,1147.2077
2018-04-11,1147.3201
2018-04-12,1147.4009
2018-04-13,1147.5132
2018-04-16,1147.958
2018-04-17,1148.1643
2018-04-18,1148.272
2018-04-19,1148.4158
2018-04-20,1148.5798
2018-04-23,1148.8441
2018-04-24,1148.7945
2018-04-25,1148.9628
2018-04-26,1148.9463
2018-04-27,1149.2262
2018-04-30,1149.6896
2018-05-02,1149.8888
2018-05-03,1149.9264
2018-05-04,1150.002
2018-05-07,1150.2994
2018-05-08,1149.6116
2018-05-09,1150.5787
2018-05-11,1150.923
2018-05-14,1151.7178
2018-05-15,1151.6198
2018-05-16,1151.5539
2018-05-17,1151.583
2018-05-18,1151.403
2018-05-21,1151.6736
2018-05-22,1151.4484
2018-05-23,1151.6041
2018-05-24,1151.4024
2018-05-25,1151.7815
2018-05-28,1153.7109
2018-05-30,1153.9425
2018-05-31,1153.4377
2018-06-04,1155.019
2018-06-05,1154.9896
2018-06-06,1154.2274
2018-06-07,1154.1045
2018-06-08,1154.0027
2018-06-20,1156.175
2018-06-21,1156.0633
2018-06-22,1155.3521
2018-06-25,1156.8819
2018-06-26,1157.2603
2018-06-27,1157.4549
2018-06-28,1156.9539
2018-06-29,1156.7018
2018-07-02,1157.4951
2018-07-03,1157.6125
2018-07-04,1157.2968
2018-07-05,1157.3867
2018-07-06,1157.605
2018-07-09,1158.3797
2018-07-10,1158.9425
2018-07-11,1159.1887
2018-07-12,1159.4133
2018-07-13,1159.5389
2018-07-16,1160.1402
2018-07-17,1160.2984
2018-07-18,1160.6087
2018-07-19,1160.5879
2018-07-20,1160.8668
2018-07-23,1161.2289
2018-07-24,1160.7949
2018-07-25,1161.8516
2018-07-26,1161.4482
2018-07-27,1161.2935
2018-07-30,1161.4855
2018-07-31,1161.7098
2018-08-01,1162.3046
2018-08-02,1162.4019
2018-08-03,1163.0733
2018-08-06,1163.7366
2018-08-07,1163.9866
2018-08-08,1164.3774
2018-08-09,1164.6253
2018-08-10,1164.6611
2018-08-13,1165.2258
2018-08-14,1165.4257
2018-08-15,1164.8149
2018-08-16,1165.0739
2018-08-20,1165.9188
2018-08-21,1166.1017
2018-08-23,1166.4524
2018-08-24,1166.6563
2018-08-27,1167.1634
2018-08-28,1167.4589
2018-08-29,1167.6409
2018-08-30,1167.7625
2018-08-31,1167.7618
2018-09-03,1168.3497
2018-09-04,1168.3539
2018-09-05,1168.1377
2018-09-06,1168.076
2018-09-07,1168.2598
2018-09-10,1169.2631
2018-09-12,1169.8099
2018-09-13,1170.041
2018-09-14,1170.2608
2018-09-17,1170.6043
2018-09-18,1170.5924
2018-09-19,1170.8507
2018-09-20,1171.0903
2018-09-21,1171.3787
2018-09-24,1171.971
2018-09-25,1172.4649
2018-09-26,1172.6438
2018-09-27,1172.874
2018-09-28,1173.1082
2018-10-01,1173.7078
2018-10-02,1173.861
2018-10-03,1174.0937
2018-10-04,1174.249
2018-10-05,1174.5372
2018-10-08,1175.1145
2018-10-09,1175.3201
2018-10-10,1175.5882
2018-10-11,1175.8988
2018-10-12,1176.0881
2018-10-15,1176.9584
2018-10-16,1177.132
2018-10-17,1177.3894
2018-10-18,1177.7253
2018-10-19,1177.9143
2018-10-22,1178.7028
2018-10-23,1179.0212
2018-10-24,1179.3007
2018-10-25,1179.4273
2018-10-26,1179.71
2018-10-29,1180.3483
2018-10-30,1180.4299
2018-10-31,1180.3367
2018-11-01,1180.6878
2018-11-02,1181.0341
2018-11-05,1181.9555
2018-11-06,1182.1447
2018-11-07,1182.3374
2018-11-08,1182.5597
2018-11-09,1182.6614
2018-11-12,1183.2009
2018-11-13,1183.4182
2018-11-14,1183.5759
2018-11-15,1183.8642
2018-11-16,1184.0948
2018-11-19,1184.6965
2018-11-21,1185.1349
2018-11-22,1185.3326
2018-11-23,1185.4734
2018-11-26,1185.9897
2018-11-27,1186.2438
2018-11-28,1186.3225
2018-11-29,1186.5141
2018-11-30,1186.7166
2018-12-03,1187.3622
2018-12-04,1187.5307
2018-12-05,1187.6831
2018-12-06,1187.8246
2018-12-07,1188.0098
2018-12-10,1188.5331
2018-12-11,1188.7458
2018-12-12,1188.9334
2018-12-13,1189.1558
2018-12-14,1189.3926
2018-12-17,1190.0594
2018-12-18,1190.2583
2018-12-19,1190.4529
2018-12-20,1190.6982
2018-12-21,1190.8802
2018-12-26,1191.8668
2018-12-27,1192.1681
2018-12-28,1192.3078
2019-01-02,1193.3228
2019-01-03,1193.5277
2019-01-04,1193.7209
2019-01-07,1194.4404
2019-01-08,1194.6411
2019-01-09,1194.8181
2019-01-10,1194.9755
2019-01-11,1195.1598
2019-01-14,1195.7807
2019-01-15,1195.9425
2019-01-16,1195.9124
2019-01-17,1196.1363
2019-01-18,1196.3457
2019-01-21,1197.0493
2019-01-22,1197.2242
2019-01-23,1197.4826
2019-01-24,1197.6377
2019-01-25,1197.8706
2019-01-28,1198.3345
2019-01-29,1198.5709
2019-01-30,1198.7436
2019-01-31,1198.8198
2019-02-01,1199.1593
2019-02-04,1199.7688
2019-02-06,1200.3504
2019-02-07,1200.4785
2019-02-08,1200.685
2019-02-11,1201.3103
2019-02-12,1201.4923
2019-02-13,1201.2833
2019-02-14,1201.424
2019-02-15,1201.4515
2019-02-18,1201.9853
2019-02-19,1202.2749
2019-02-20,1202.524
2019-02-21,1202.7349
2019-02-22,1202.956
2019-02-25,1203.6804
2019-02-26,1203.9128
2019-02-27,1204.2052
2019-02-28,1204.5336
2019-03-01,1204.7971
2019-03-04,1205.3637
2019-03-05,1205.679
2019-03-06,1205.8379
2019-03-08,1206.2182
2019-03-11,1206.868
2019-03-12,1207.1069
2019-03-13,1207.3113
2019-03-14,1207.5283
2019-03-15,1207.6091
2019-03-18,1208.4107
2019-03-19,1208.5492
2019-03-20,1208.8509
2019-03-21,1209.2641
2019-03-22,1209.3569
2019-03-25,1209.8388
2019-03-26,1210.0863
2019-03-27,1210.1812
2019-03-28,1210.2145
2019-03-29,1210.3613
2019-04-01,1210.9053
2019-04-02,1211.032
2019-04-04,1211.5662
2019-04-05,1211.6852
2019-04-08,1212.299
2019-04-09,1212.4442
2019-04-10,1212.6949
2019-04-11,1212.9076
2019-04-12,1212.985
2019-04-15,1213.6143
2019-04-16,1213.8268
2019-04-18,1214.3166
2019-04-22,1215.2679
2019-04-23,1215.4766
2019-04-24,1215.8067
2019-04-25,1215.9818
2019-04-26,1216.1769
2019-04-29,1216.8661
2019-04-30,1217.185
2019-05-02,1217.4485
2019-05-03,1217.6499
2019-05-06,1218.2394
2019-05-07,1218.3062
2019-05-08,1218.4827
2019-05-09,1218.684
2019-05-10,1218.8988
2019-05-13,1219.5437
2019-05-14,1219.7872
2019-05-15,1220.0197
2019-05-16,1220.2761
2019-05-17,1220.5002
2019-05-20,1221.0955
2019-05-21,1221.2058
2019-05-22,1221.4582
2019-05-23,1221.8202
2019-05-24,1222.086
2019-05-27,1222.6986
2019-05-28,1222.9514
2019-05-29,1223.1426
2019-05-31,1223.5263
2019-06-10,1225.8931
2019-06-11,1226.0439
2019-06-12,1225.9176
2019-06-13,1226.2279
2019-06-14,1226.5488
2019-06-17,1227.2877
2019-06-18,1227.5996
2019-06-19,1227.7587
2019-06-20,1228.0348
2019-06-21,1228.2591
2019-06-24,1229.3635
2019-06-25,1229.3448
2019-06-26,1229.5746
2019-06-27,1229.9808
2019-06-28,1230.2532
2019-07-01,1230.6551
2019-07-02,1231.0788
2019-07-03,1231.5167
2019-07-04,1231.6443
2019-07-05,1231.6527
2019-07-08,1232.2658
2019-07-09,1232.4536
2019-07-10,1232.8868
2019-07-11,1233.2538
2019-07-12,1233.8162
2019-07-15,1234.4323
2019-07-16,1234.6254
2019-07-17,1234.8567
2019-07-18,1235.1231
2019-07-19,1235.2308
2019-07-22,1235.9061
2019-07-23,1236.1173
2019-07-24,1236.1902
2019-07-25,1236.3126
2019-07-26,1236.6201
2019-07-29,1236.9812
2019-07-30,1237.1551
2019-07-31,1238.2732
2019-08-01,1238.6315
2019-08-05,1239.0083
2019-08-06,1238.2479
2019-08-07,1238.4432
2019-08-08,1238.6726
2019-08-09,1238.8819
2019-08-12,1239.3848
2019-08-13,1239.562
2019-08-14,1239.7924
2019-08-15,1239.8922
2019-08-16,1240.1373
2019-08-19,1240.7693
2019-08-20,1240.9521
2019-08-21,1241.1468
2019-08-22,1241.4868
2019-08-23,1241.7
2019-08-26,1242.2958
2019-08-27,1242.5055
2019-08-28,1242.7083
2019-08-29,1242.9721
2019-08-30,1243.1987
2019-09-02,1243.7568
2019-09-03,1243.9492
2019-09-04,1244.203
2019-09-05,1244.42
2019-09-06,1244.6083
2019-09-09,1245.2887
2019-09-10,1245.547
2019-09-11,1245.7285
2019-09-12,1245.9324
2019-09-13,1246.1894
2019-09-16,1246.9153
2019-09-17,1247.1521
2019-09-18,1247.4002
2019-09-19,1247.5861
2019-09-20,1247.7695
2019-09-23,1248.3942
2019-09-24,1248.5885
2019-09-25,1248.8044
2019-09-26,1249.1598
2019-09-27,1249.4113
2019-09-30,1250.0624
2019-10-01,1250.3447
2019-10-02,1250.5236
2019-10-03,1250.7694
2019-10-04,1250.9346
2019-10-07,1251.6563
2019-10-08,1251.86
2019-10-09,1252.1546
2019-10-10,1252.4199
2019-10-11,1252.6423
2019-10-14,1253.3422
2019-10-15,1253.5796
2019-10-16,1253.7769
2019-10-17,1253.9899
2019-10-18,1254.25
2019-10-21,1254.8641
2019-10-22,1255.181
2019-10-23,1255.4254
2019-10-24,1255.6273
2019-10-25,1255.8719
2019-10-28,1256.5005
2019-10-29,1256.7498
2019-10-30,1257.0198
2019-10-31,1257.094
2019-11-01,1257.4765
2019-11-04,1258.0601
2019-11-05,1258.2949
2019-11-06,1258.566
2019-11-07,1258.8274
2019-11-08,1259.0466
2019-11-11,1259.6368
2019-11-12,1259.7761
2019-11-13,1259.9228
2019-11-14,1260.0779
2019-11-15,1260.2781
2019-11-18,1260.8274
2019-11-19,1260.9501
2019-11-20,1261.0274
2019-11-21,1261.1595
2019-11-22,1261.3548
2019-11-25,1261.9126
2019-11-26,1262.0632
2019-11-27,1262.2029
2019-11-28,1262.423
2019-11-29,1262.6657
2019-12-02,1263.2096
2019-12-03,1263.4715
2019-12-04,1263.662
2019-12-05,1263.9088
2019-12-06,1264.1775
2019-12-09,1264.9397
2019-12-10,1265.1499
2019-12-11,1265.1864
2019-12-12,1265.3989
2019-12-13,1265.5641
2019-12-16,1266.1826
2019-12-17,1265.9795
2019-12-18,1266.2817
2019-12-19,1266.5223
2019-12-20,1266.7499
2019-12-23,1267.3113
2019-12-26,1268.0421
2019-12-27,1268.2904
2019-12-30,1268.8611
2020-01-02,1269.3486
2020-01-03,1269.4997
2020-01-06,1270.0701
2020-01-07,1270.2965
2020-01-08,1270.4902
2020-01-09,1270.8265
2020-01-10,1271.0258
2020-01-13,1271.5747
2020-01-14,1271.7853
2020-01-15,1271.9677
2020-01-16,1272.269
2020-01-17,1272.4523
2020-01-20,1273.1115
2020-01-21,1273.3181
2020-01-22,1273.5965
2020-01-23,1273.7996
2020-01-24,1273.95
2020-01-27,1274.5375
2020-01-28,1274.6963
2020-01-29,1274.8625
2020-01-30,1275.0356
2020-01-31,1274.903
2020-02-03,1275.5629
2020-02-04,1275.7858
2020-02-05,1276.0573
2020-02-06,1276.2973
2020-02-07,1276.4525
2020-02-10,1277.0134
2020-02-11,1277.2176
2020-02-12,1277.5207
2020-02-13,1277.6153
2020-02-14,1277.831
2020-02-17,1278.4968
2020-02-18,1278.7
2020-02-19,1278.9677
2020-02-20,1279.1207
2020-02-21,1279.3578
2020-02-24,1279.9905
2020-02-25,1280.2689
2020-02-26,1280.443
2020-02-27,1280.6676
2020-02-28,1280.6912
2020-03-02,1281.2304
2020-03-03,1281.5317
2020-03-04,1281.9728
2020-03-05,1282.2457
2020-03-06,1282.4177
2020-03-09,1282.8154
2020-03-10,1283.1556
2020-03-11,1283.4085
2020-03-12,1283.4882
2020-03-13,1283.5135
2020-03-16,1283.996
2020-03-17,1284.1687
2020-03-18,1284.0765
2020-03-19,1283.6986
2020-03-20,1283.8179
2020-03-23,1284.1458
2020-03-24,1284.021
2020-03-26,1284.4973
2020-03-27,1285.0695
2020-03-30,1285.6237
2020-03-31,1285.5006
2020-04-01,1285.6958
2020-04-02,1285.4577
2020-04-03,1285.6496
2020-04-06,1286.1416
2020-04-07,1286.3246
2020-04-08,1286.3522
2020-04-09,1286.6106
2020-04-13,1287.6357
2020-04-14,1287.6123
2020-04-15,1287.9671
2020-04-16,1288.2259
2020-04-17,1288.8272
2020-04-20,1289.4375
2020-04-21,1289.7357
2020-04-22,1289.8291
2020-04-23,1289.9942
2020-04-24,1290.1832
2020-04-27,1290.7094
2020-04-28,1290.8344
2020-04-29,1290.9983
2020-04-30,1291.1913
2020-05-04,1291.5745
2020-05-05,1291.8094
2020-05-06,1292.1527
2020-05-08,1292.775
2020-05-11,1293.5348
2020-05-12,1294.0877
2020-05-13,1294.2384
2020-05-14,1294.3491
2020-05-15,1294.7013
2020-05-18,1295.4987
2020-05-19,1295.7478
2020-05-20,1295.9014
2020-05-26,1297.2925
2020-05-27,1297.5365
2020-05-28,1297.8712
2020-05-29,1298.0638
2020-06-02,1299.109
2020-06-03,1299.546
2020-06-04,1299.6693
2020-06-05,1299.978
2020-06-08,1300.5951
2020-06-09,1300.815
2020-06-10,1300.9294
2020-06-11,1301.0713
2020-06-12,1301.2154
2020-06-15,1301.9034
2020-06-16,1301.5302
2020-06-17,1302.0588
2020-06-18,1302.2229
2020-06-19,1302.4342
2020-06-22,1303.2749
2020-06-23,1303.4128
2020-06-24,1303.6309
2020-06-25,1303.7491
2020-06-26,1303.8451
2020-06-29,1304.4133
2020-06-30,1304.7832
2020-07-01,1304.7492
2020-07-02,1305.018
2020-07-03,1305.2044
2020-07-06,1306.0252
2020-07-07,1306.1805
2020-07-08,1306.3898
2020-07-09,1306.6749
2020-07-10,1306.823
2020-07-13,1307.3129
2020-07-14,1307.4949
2020-07-15,1307.719
2020-07-16,1307.8837
2020-07-17,1308.0446
2020-07-20,1308.6261
2020-07-21,1308.7986
2020-07-22,1308.9927
2020-07-23,1309.1686
2020-07-24,1309.3401
2020-07-27,1309.9744
2020-07-28,1310.1491
2020-07-29,1310.1643
2020-07-30,1310.4244
2020-08-03,1311.0275
2020-08-04,1311.1321
2020-08-05,1312.0139
2020-08-06,1312.1767
2020-08-07,1312.432
2020-08-10,1313.042
2020-08-11,1313.3034
2020-08-12,1313.5336
2020-08-13,1313.7128
2020-08-14,1313.9184
2020-08-18,1314.6518
2020-08-19,1314.9119
2020-08-24,1315.8662
2020-08-25,1316.4782
2020-08-26,1316.6615
2020-08-27,1316.5384
2020-08-28,1316.7037
2020-08-31,1317.1459
2020-09-01,1317.4534
2020-09-02,1317.4552
2020-09-03,1317.5516
2020-09-04,1317.6969
2020-09-07,1318.3849
2020-09-08,1318.6615
2020-09-09,1318.866
2020-09-10,1318.8677
2020-09-11,1318.8908
2020-09-14,1319.565
2020-09-15,1319.6512
2020-09-16,1320.1206
2020-09-17,1320.4425
2020-09-18,1320.6148
2020-09-21,1321.2621
2020-09-22,1321.4934
2020-09-23,1322.0839
2020-09-24,1322.2869
2020-09-25,1322.5193
2020-09-28,1323.1612
2020-09-29,1323.2696
2020-09-30,1323.401
2020-10-01,1323.286
2020-10-02,1323.3298
2020-10-05,1324.2066
2020-10-06,1324.3295
2020-10-07,1324.633
2020-10-08,1324.9535
2020-10-09,1324.9516
2020-10-12,1325.5032
2020-10-13,1325.6521
2020-10-14,1325.7803
2020-10-15,1326.133
2020-10-16,1326.1861
2020-10-19,1326.9806
2020-10-20,1327.1669
2020-10-21,1326.7928
2020-10-22,1326.9681
2020-10-23,1327.4292
2020-10-26,1327.831
2020-10-27,1328.1552
2020-11-02,1329.4443
2020-11-03,1329.8272
2020-11-04,1330.2359
2020-11-05,1330.4837
2020-11-06,1330.868
2020-11-09,1331.5132
2020-11-10,1331.7848
2020-11-11,1331.9809
2020-11-12,1332.0801
2020-11-13,1332.2935
2020-11-16,1332.9506
2020-11-17,1333.1514
2020-11-18,1333.3761
2020-11-19,1333.7634
2020-11-20,1333.824
2020-11-23,1334.4423
2020-11-24,1334.5208
2020-11-25,1334.8375
2020-11-26,1334.9418
2020-11-27,1335.1192
2020-11-30,1335.7398
2020-12-01,1335.8021
2020-12-02,1336.0205
2020-12-03,1336.1874
2020-12-04,1336.2965
2020-12-07,1336.8371
2020-12-08,1336.9574
2020-12-10,1337.3625
2020-12-11,1339.4853
2020-12-14,1340.1344
2020-12-15,1340.3357
2020-12-16,1340.4931
2020-12-17,1340.4909
2020-12-18,1340.5353
2020-12-21,1341.063
2020-12-22,1341.0482
2020-12-23,1341.0281
2020-12-28,1341.7779
2020-12-29,1341.913
2020-12-30,1342.0738
2021-01-04,1342.7599
2021-01-05,1343.249
2021-01-06,1343.2367
2021-01-07,1343.3241
2021-01-08,1343.2312
2021-01-11,1343.7764
2021-01-12,1344.1699
2021-01-13,1344.4789
2021-01-14,1344.7264
2021-01-15,1344.7165
2021-01-18,1345.0962
2021-01-19,1345.1654
2021-01-20,1345.2838
2021-01-21,1345.3882
2021-01-22,1345.4615
2021-01-25,1345.9583
2021-01-26,1346.0497
2021-01-27,1346.1898
2021-01-28,1346.4117
2021-01-29,1346.8088
2021-02-01,1347.4315
2021-02-02,1347.6396
2021-02-03,1348.174
2021-02-04,1348.308
2021-02-05,1348.4287
2021-02-08,1349.0621
2021-02-09,1349.1615
2021-02-10,1349.4243
2021-02-11,1349.7054
2021-02-15,1350.6703
2021-02-16,1350.7788
2021-02-17,1350.8328
2021-02-18,1352.5552
2021-02-19,1352.7159
2021-02-22,1353.2719
2021-02-23,1353.5488
2021-02-24,1353.6925
2021-02-25,1354.124
2021-02-26,1354.0507
2021-03-01,1354.7825
2021-03-02,1354.8552
2021-03-03,1355.2345
2021-03-04,1355.3536
2021-03-05,1355.5364
2021-03-08,1355.9883
2021-03-09,1356.2036
2021-03-10,1356.2634
2021-03-12,1356.7402
2021-03-15,1357.3843
2021-03-16,1357.6062
2021-03-17,1357.9219
2021-03-18,1358.0853
2021-03-19,1358.302
2021-03-22,1359.0113
2021-03-23,1359.4034
2021-03-24,1359.8861
2021-03-25,1360.2419
2021-03-26,1360.4527
2021-03-29,1360.9373
2021-03-30,1361.0119
2021-03-31,1360.9953
2021-04-01,1361.3208
2021-04-05,1362.2803
2021-04-06,1362.3773
2021-04-07,1362.6891
2021-04-08,1363.0801
2021-04-09,1363.0641
2021-04-12,1363.7975
2021-04-13,1363.9819
2021-04-14,1364.1388
2021-04-15,1364.4924
2021-04-16,1364.8639
2021-04-19,1365.3796
2021-04-20,1365.3696
2021-04-21,1366.5263
2021-04-22,1366.7151
2021-04-23,1366.7833
2021-04-26,1367.439
2021-04-27,1367.6469
2021-04-28,1367.8159
2021-04-29,1367.9974
2021-04-30,1368.151
2021-05-03,1368.7001
2021-05-04,1368.7082
2021-05-05,1369.0546
2021-05-06,1369.4903
2021-05-07,1369.5764
2021-05-10,1369.9851
2021-05-11,1370.1613
2021-05-17,1371.3602
2021-05-18,1371.5132
2021-05-19,1371.6617
2021-05-20,1371.9117
2021-05-21,1372.15
2021-05-24,1372.6468
2021-05-25,1373.201
2021-05-27,1373.5888
2021-05-28,1373.8141
2021-05-31,1374.4696
2021-06-02,1375.1401
2021-06-03,1375.3288
2021-06-04,1375.6146
2021-06-07,1376.2101
2021-06-08,1376.3723
2021-06-09,1376.6906
2021-06-10,1376.7432
2021-06-11,1377.2269
2021-06-14,1377.8078
2021-06-15,1377.9847
2021-06-16,1378.0166
2021-06-17,1377.9893
2021-06-18,1378.119
2021-06-21,1378.6289
2021-06-22,1378.7551
2021-06-23,1379.0254
2021-06-24,1379.2225
2021-06-25,1379.4229
2021-06-28,1379.8935
2021-06-29,1380.0875
2021-06-30,1380.1162
2021-07-01,1380.2811
2021-07-02,1380.3734
2021-07-05,1380.7439
2021-07-06,1380.9851
2021-07-07,1381.4781
2021-07-08,1381.5136
2021-07-09,1381.6174
2021-07-12,1381.9798
2021-07-13,1382.0421
2021-07-14,1382.1703
2021-07-15,1382.2472
2021-07-16,1382.3189
2021-07-19,1382.7084
2021-07-21,1382.9766
2021-07-22,1383.2245
2021-07-23,1383.3765
2021-07-26,1383.9219
2021-07-27,1383.9854
2021-07-28,1383.961
2021-07-29,1384.0078
2021-07-30,1384.2087
2021-08-02,1384.5405
2021-08-03,1384.6381
2021-08-04,1384.8201
2021-08-05,1384.9458
2021-08-06,1385.0104
2021-08-09,1385.4424
2021-08-10,1385.5635
2021-08-12,1385.7756
2021-08-13,1385.8592
2021-08-16,1386.3607
2021-08-18,1386.5769
2021-08-19,1386.8274
2021-08-20,1386.9641
2021-08-23,1387.386
2021-08-24,1387.5284
2021-08-25,1387.2587
2021-08-26,1387.4544
2021-08-27,1387.5723
2021-08-30,1388.0781
2021-08-31,1388.0277
2021-09-01,1388.2195
2021-09-02,1388.3545
2021-09-03,1388.5493
2021-09-06,1389.0438
2021-09-07,1389.3429
2021-09-08,1389.382
2021-09-09,1389.5006
2021-09-10,1389.5598
2021-09-13,1390.2075
2021-09-14,1390.4803
2021-09-15,1390.9499
2021-09-16,1390.9396
2021-09-17,1391.135
2021-09-20,1391.939
2021-09-21,1391.9302
2021-09-22,1392.1064
2021-09-23,1392.2431
2021-09-24,1392.2926
2021-09-27,1393.0072
2021-09-28,1393.2839
2021-09-29,1393.0905
2021-09-30,1393.2995
2021-10-01,1393.4642
2021-10-04,1394.1261
2021-10-05,1394.2609
2021-10-06,1394.4007
2021-10-07,1394.4903
2021-10-08,1394.5607
2021-10-11,1395.2144
2021-10-12,1395.3995
2021-10-13,1395.6126
2021-10-14,1395.6566
2021-10-15,1395.7906
2021-10-18,1396.4456
2021-10-19,1396.578
2021-10-21,1397.0332
2021-10-22,1397.1264
2021-10-25,1397.7282
2021-10-26,1397.6551
2021-10-27,1397.7175
2021-10-28,1397.8612
2021-10-29,1397.8778
2021-11-01,1398.3885
2021-11-02,1398.3103
2021-11-03,1398.5911
2021-11-04,1398.3368
2021-11-05,1398.6357
2021-11-08,1399.3247
2021-11-09,1399.4168
2021-11-10,1399.5387
2021-11-11,1399.7702
2021-11-12,1399.7324
2021-11-15,1400.4881
2021-11-16,1400.5692
2021-11-17,1400.669
2021-11-18,1400.8689
2021-11-19,1400.7032
2021-11-22,1401.4869
2021-11-23,1401.6682
2021-11-24,1401.9689
2021-11-25,1402.0124
2021-11-26,1402.0729
2021-11-29,1402.8983
2021-11-30,1402.7599
2021-12-01,1403.0985
2021-12-02,1403.1889
2021-12-03,1403.0565
2021-12-06,1403.7782
2021-12-07,1404.0059
2021-12-08,1404.0072
2021-12-09,1404.3693
2021-12-10,1404.447
2021-12-13,1405.1696
2021-12-14,1405.5855
2021-12-15,1405.9436
2021-12-16,1406.1664
2021-12-17,1406.3123
2021-12-20,1406.7855
2021-12-21,1406.9563
2021-12-22,1407.4713
2021-12-23,1407.8327
2021-12-24,1408.4058
2021-12-27,1409.429
2021-12-28,1409.7692
2021-12-29,1410.1999
2021-12-30,1410.4551
2022-01-03,1411.1006
2022-01-04,1411.4122
2022-01-05,1411.5355
2022-01-06,1411.6936
2022-01-07,1411.6806
2022-01-10,1411.9206
2022-01-11,1412.0635
2022-01-12,1412.2498
2022-01-13,1412.3411
2022-01-14,1412.5742
2022-01-17,1413.1483
2022-01-18,1413.41
2022-01-19,1413.6306
2022-01-20,1413.9124
2022-01-21,1413.991
2022-01-24,1414.8125
2022-01-25,1414.8183
2022-01-26,1414.9278
2022-01-27,1415.0373
2022-01-28,1415.3541
2022-01-31,1414.8501
2022-02-02,1414.6189
2022-02-03,1414.9731
2022-02-04,1415.6254
2022-02-07,1415.9588
2022-02-08,1416.0053
2022-02-09,1416.2103
2022-02-10,1416.1996
2022-02-11,1416.2365
2022-02-14,1416.8191
2022-02-15,1416.8805
2022-02-16,1417.0345
2022-02-17,1417.128
2022-02-18,1417.3624
2022-02-21,1418.0819
2022-02-22,1418.1328
2022-02-23,1418.1317
2022-02-24,1418.2492
2022-02-25,1418.5463
2022-03-01,1419.4749
2022-03-02,1419.7222
2022-03-04,1420.0396
2022-03-07,1420.559
2022-03-08,1420.5979
2022-03-09,1420.4577
2022-03-10,1420.4645
2022-03-11,1420.6484
2022-03-14,1421.0957
2022-03-15,1421.1892
2022-03-16,1421.1503
2022-03-17,1421.2345
2022-03-18,1421.3579
2022-03-21,1422.1505
2022-03-22,1422.3548
2022-03-23,1422.5468
2022-03-24,1422.5938
2022-03-25,1422.4497
2022-03-28,1422.9142
2022-03-29,1423.079
2022-03-30,1423.3544
2022-03-31,1423.2609
2022-04-01,1423.4952
2022-04-04,1424.0557
2022-04-05,1424.2215
2022-04-06,1424.3856
2022-04-07,1424.562
2022-04-08,1424.5775
2022-04-11,1425.0929
2022-04-12,1425.2403
2022-04-13,1425.2332
2022-04-14,1425.446
2022-04-18,1425.992
2022-04-19,1426.7845
2022-04-20,1426.6558
2022-04-21,1426.8333
2022-04-22,1426.8193
2022-04-25,1427.3056
2022-04-26,1427.4089
2022-04-27,1427.2621
2022-04-28,1427.5415
2022-05-09,1429.731
2022-05-10,1429.6125
2022-05-11,1429.4736
2022-05-12,1429.8753
2022-05-13,1430.22
2022-05-17,1430.9056
2022-05-18,1430.9804
2022-05-19,1431.1963
2022-05-20,1431.5829
2022-05-23,1432.4023
2022-05-24,1432.7854
2022-05-25,1433.0961
2022-05-27,1433.4381
2022-05-30,1434.2272
2022-05-31,1434.9512
2022-06-02,1435.0739
2022-06-03,1434.9547
2022-06-06,1435.4353
2022-06-07,1435.5657
2022-06-08,1435.7707
2022-06-09,1435.8955
2022-06-10,1435.9724
2022-06-13,1436.474
2022-06-14,1436.4404
2022-06-15,1436.654
2022-06-16,1436.8856
2022-06-17,1437.0937
2022-06-20,1437.419
2022-06-21,1437.4883
2022-06-22,1437.6346
2022-06-23,1437.7941
2022-06-24,1437.9205
2022-06-27,1438.3711
2022-06-28,1438.4561
2022-06-29,1438.4996
2022-06-30,1438.743
2022-07-01,1438.7763
2022-07-04,1439.2459
2022-07-05,1439.1257
2022-07-06,1439.2386
2022-07-07,1439.368
2022-07-08,1439.4627
2022-07-11,1439.7562
2022-07-12,1439.8528
2022-07-13,1439.9484
2022-07-14,1440.043
2022-07-15,1440.1285
2022-07-18,1440.3978
2022-07-19,1440.5017
2022-07-20,1440.6189
2022-07-21,1440.7355
2022-07-22,1440.8546
2022-07-25,1441.1952
2022-07-26,1441.2975
2022-07-27,1441.4358
2022-07-28,1441.5261
2022-07-29,1441.6581
2022-08-01,1442.0339
2022-08-02,1442.1727
2022-08-03,1442.3122
2022-08-04,1442.4522
2022-08-05,1442.5935
2022-08-08,1443.0256
2022-08-09,1443.1814
2022-08-10,1443.3215
2022-08-11,1443.4648
2022-08-12,1443.6083
2022-08-15,1444.0397
2022-08-16,1444.1688
2022-08-18,1444.4554
2022-08-19,1444.6033
2022-08-22,1445.0422
2022-08-23,1445.1774
2022-08-24,1445.3202
2022-08-25,1445.4568
2022-08-26,1445.6015
2022-08-29,1446.046
2022-08-30,1446.1954
2022-08-31,1446.1766
2022-09-01,1446.3264
2022-09-02,1446.4717
2022-09-05,1446.9249
2022-09-06,1447.0715
2022-09-07,1447.1661
2022-09-08,1447.3357
2022-09-09,1447.4834
2022-09-12,1447.9592
2022-09-13,1448.1096
2022-09-14,1448.2469
2022-09-15,1448.3823
2022-09-16,1448.5199
2022-09-19,1448.9313
2022-09-20,1449.0724
2022-09-21,1449.2067
2022-09-22,1449.3498
2022-09-23,1449.4953
2022-09-26,1449.8343
2022-09-27,1449.9476
2022-09-28,1450.0588
2022-09-29,1450.5078
2022-09-30,1450.6428
2022-10-03,1451.0622
2022-10-04,1451.2006
2022-10-05,1451.3413
2022-10-06,1451.4818
2022-10-07,1451.638
2022-10-10,1452.0623
2022-10-11,1452.2084
2022-10-12,1452.3562
2022-10-13,1452.4953
2022-10-14,1452.644
2022-10-17,1452.992
2022-10-18,1453.1258
2022-10-19,1453.2624
2022-10-20,1453.3912
2022-10-21,1453.4485
2022-10-24,1453.8263
2022-10-25,1453.9688
2022-10-26,1454.0872
2022-10-27,1454.2245
2022-10-28,1454.3673
2022-10-31,1454.6949
2022-11-01,1454.8406
2022-11-02,1454.9397
2022-11-03,1455.0843
2022-11-04,1455.2083
2022-11-07,1455.6612
2022-11-08,1455.8028
2022-11-09,1455.9461
2022-11-10,1456.0906
2022-11-11,1456.2757
2022-11-14,1456.6873
2022-11-15,1458.4311
2022-11-16,1458.5952
2022-11-17,1458.7393
2022-11-18,1458.8515
2022-11-21,1459.2894
2022-11-22,1459.4336
2022-11-23,1459.5413
2022-11-24,1459.6876
2022-11-25,1459.8322
2022-11-28,1460.2636
2022-11-29,1460.4577
2022-11-30,1460.5895
2022-12-01,1460.7458
2022-12-02,1460.7415
2022-12-05,1461.0974
2022-12-06,1461.2094
2022-12-07,1461.3459
2022-12-08,1461.4631
2022-12-09,1461.593
2022-12-12,1461.9926
2022-12-13,1462.1164
2022-12-14,1462.2842
2022-12-15,1462.4186
2022-12-16,1462.5513
2022-12-19,1462.9304
2022-12-20,1463.0666
2022-12-21,1463.1963
2022-12-22,1463.3223
2022-12-23,1463.4468
2022-12-26,1463.8525
2022-12-27,1463.8642
2022-12-28,1463.9619
2022-12-29,1463.7749
2022-12-30,1463.9101
2023-01-02,1464.2485
2023-01-03,1464.4313
2023-01-04,1464.594
2023-01-05,1464.762
2023-01-06,1464.9467
2023-01-09,1465.3271
2023-01-10,1465.5108
2023-01-11,1465.6972
2023-01-12,1465.8901
2023-01-13,1466.0659
2023-01-16,1466.6506
2023-01-17,1466.8112
2023-01-18,1466.9804
2023-01-19,1467.1275
2023-01-20,1467.2882
2023-01-24,1467.9588
2023-01-25,1468.1667
2023-01-26,1468.3238
2023-01-27,1468.5503
2023-01-30,1469.1922
2023-01-31,1469.1872
2023-02-01,1469.3707
2023-02-02,1469.5448
2023-02-03,1469.731
2023-02-06,1470.2897
2023-02-07,1470.4736
2023-02-08,1470.7093
2023-02-09,1470.8939
2023-02-10,1471.0555
2023-02-13,1471.6162
2023-02-14,1471.794
2023-02-15,1471.9767
2023-02-16,1472.1611
2023-02-17,1472.2857
2023-02-20,1472.9168
2023-02-21,1473.0801
2023-02-22,1473.2703
2023-02-23,1473.3559
2023-02-24,1473.5335
2023-02-27,1474.0712
2023-02-28,1474.1934
2023-03-01,1474.7648
2023-03-02,1474.9531
2023-03-03,1475.1408
2023-03-06,1475.6908
2023-03-07,1475.8751
2023-03-08,1476.0647
2023-03-09,1476.2499
2023-03-10,1476.4328
2023-03-13,1476.9924
2023-03-14,1477.178
2023-03-15,1477.3634
2023-03-16,1477.5198
2023-03-17,1477.7057
2023-03-20,1478.2685
2023-03-21,1478.455
2023-03-24,1479.0179
2023-03-27,1480.8691
2023-03-28,1481.0602
2023-03-29,1481.1875
2023-03-30,1481.3758
2023-03-31,1481.4319
2023-04-03,1481.948
2023-04-04,1482.1243
2023-04-05,1482.3064
2023-04-06,1482.4944
2023-04-10,1483.304
2023-04-11,1483.4861
2023-04-12,1483.6484
2023-04-13,1483.8138
2023-04-14,1483.9832
2023-04-17,1484.53
2023-04-18,1484.7153
2023-04-26,1486.1691
2023-04-27,1486.3629
2023-04-28,1486.5489
2023-05-02,1487.3019
2023-05-03,1487.4858
2023-05-04,1487.672
2023-05-05,1487.86
2023-05-08,1488.4198
2023-05-09,1488.6052
2023-05-10,1488.7925
2023-05-11,1488.9355
2023-05-12,1489.1185
2023-05-15,1489.6819
2023-05-16,1489.8687
2023-05-17,1490.0559
2023-05-19,1490.4293
2023-05-22,1490.9953
2023-05-23,1491.1891
2023-05-24,1491.3759
2023-05-25,1491.5649
2023-05-26,1491.7515
2023-05-29,1492.3184
2023-05-30,1492.4941
2023-05-31,1492.4936
2023-06-05,1493.4622
2023-06-06,1493.6459
2023-06-07,1493.8261
2023-06-08,1494.013
2023-06-09,1494.2002
2023-06-12,1494.7659
2023-06-13,1495.0844
2023-06-14,1495.1416
2023-06-15,1495.3147
2023-06-16,1495.4523
2023-06-19,1495.975
2023-06-20,1496.1333
2023-06-21,1496.3038
2023-06-22,1496.4675
2023-06-23,1496.6358
2023-06-26,1497.1274
2023-06-27,1497.2737
2023-07-03,1498.4376
2023-07-04,1498.6121
2023-07-05,1498.7356
2023-07-06,1498.9119
2023-07-07,1499.0815
2023-07-10,1499.5939
2023-07-11,1499.7672
2023-07-12,1499.8836
2023-07-13,1500.0559
2023-07-14,1500.2291
2023-07-17,1500.7125
2023-07-18,1500.8188
2023-07-20,1501.1426
2023-07-21,1501.3107
2023-07-24,1501.8483
2023-07-25,1502.0374
2023-07-26,1502.2539
2023-07-27,1502.4321
2023-07-28,1502.5875
2023-07-31,1502.9445
2023-08-01,1503.1013
2023-08-02,1503.2748
2023-08-03,1503.4493
2023-08-04,1503.6236
2023-08-07,1504.1557
2023-08-08,1504.3249
2023-08-09,1504.503
2023-08-10,1504.6135
2023-08-11,1504.7901
2023-08-14,1505.2845
2023-08-15,1505.5233
2023-08-16,1505.6936
2023-08-18,1506.0473
2023-08-21,1506.5725
2023-08-22,1506.7512
2023-08-23,1506.9241
2023-08-24,1507.0849
2023-08-25,1507.2515
2023-08-28,1507.7657
2023-08-29,1507.8879
2023-08-30,1508.071
2023-08-31,1508.0794
2023-09-01,1508.692
2023-09-04,1509.2266
2023-09-05,1509.3983
2023-09-06,1509.5396
2023-09-07,1509.7166
2023-09-08,1509.8929
2023-09-11,1510.4657
2023-09-12,1510.6368
2023-09-13,1510.8159
2023-09-14,1510.9834
2023-09-15,1511.1529
2023-09-18,1511.6626
2023-09-19,1511.8254
2023-09-20,1511.9021
2023-09-21,1511.8861
2023-09-22,1512.0642
2023-09-25,1512.5955
2023-09-26,1512.837
2023-09-27,1512.9614
2023-09-29,1513.2952
2023-10-02,1513.8586
2023-10-03,1513.9771
2023-10-04,1514.1513
2023-10-05,1514.3373
2023-10-06,1514.5263
2023-10-09,1515.1008
2023-10-10,1515.2945
2023-10-11,1515.4869
2023-10-12,1515.6789
2023-10-13,1515.8745
2023-10-16,1516.444
2023-10-17,1516.5199
2023-10-18,1516.7277
2023-10-19,1516.9269
2023-10-20,1517.0466
2023-10-23,1517.6203
2023-10-24,1517.8079
2023-10-25,1518.0125
2023-10-26,1518.1556
2023-10-27,1518.3567
2023-10-30,1518.9621
2023-10-31,1518.9699
2023-11-01,1519.0783
2023-11-02,1519.3199
2023-11-03,1519.5227
2023-11-06,1520.0978
2023-11-07,1520.2072
2023-11-08,1520.2745
2023-11-09,1520.4769
2023-11-10,1520.6794
2023-11-13,1521.2959
2023-11-14,1521.502
2023-11-15,1521.71
2023-11-16,1521.9087
2023-11-17,1522.113
2023-11-20,1522.7046
2023-11-21,1522.9162
2023-11-22,1523.1146
2023-11-23,1523.306
2023-11-24,1523.5638
2023-11-27,1524.2488
2023-11-28,1524.5361
2023-11-29,1524.936
2023-11-30,1525.2558
2023-12-01,1525.4542
2023-12-04,1526.0433
2023-12-05,1526.1859
2023-12-06,1526.346
2023-12-07,1526.4872
2023-12-08,1526.6329
2023-12-11,1527.1449
2023-12-12,1527.2984
2023-12-13,1527.4984
2023-12-14,1527.6618
2023-12-15,1527.8303
2023-12-18,1528.3962
2023-12-19,1528.5948
2023-12-20,1528.7241
2023-12-21,1528.9125
2023-12-22,1529.0974
2023-12-27,1530.2885
2023-12-28,1530.4703
2023-12-29,1530.663
2024-01-02,1531.3014
2024-01-03,1531.4843
2024-01-04,1531.6804
2024-01-05,1531.8831
2024-01-08,1532.4653
2024-01-09,1532.6561
2024-01-10,1532.8608
2024-01-11,1533.0688
2024-01-12,1533.2783
2024-01-15,1533.8988
2024-01-16,1534.0759
2024-01-17,1534.2802
2024-01-18,1534.5014
2024-01-19,1534.7074
2024-01-22,1535.3241
2024-01-23,1535.5267
2024-01-24,1535.7251
2024-01-25,1535.9249
2024-01-26,1536.122
2024-01-29,1536.7276
2024-01-30,1536.902
2024-01-31,1536.9476
2024-02-01,1537.1455
2024-02-02,1537.3319
2024-02-05,1538.0322
2024-02-06,1538.2275
2024-02-07,1538.4342
2024-02-12,1539.4738
2024-02-13,1539.6802
2024-02-15,1540.1028
2024-02-16,1540.3088
2024-02-19,1540.8127
2024-02-20,1541.0197
2024-02-21,1541.2284
2024-02-22,1541.39
2024-02-23,1541.5811
2024-02-26,1542.203
2024-02-27,1542.3556
2024-02-28,1542.5208
2024-02-29,1542.7421
2024-03-01,1543.2384
2024-03-04,1543.8693
2024-03-05,1544.0751
2024-03-06,1544.2748
2024-03-07,1544.4855
2024-03-08,1544.6828
2024-03-13,1545.7248
2024-03-14,1545.9205
2024-03-15,1546.1067
2024-03-18,1546.7043
2024-03-19,1546.8977
2024-03-20,1547.1005
2024-03-21,1547.3043
2024-03-22,1547.4556
2024-03-25,1548.0688
2024-03-26,1548.2433
2024-03-27,1548.4316
2024-03-28,1548.6068
2024-04-01,1549.34
2024-04-02,1549.4856
2024-04-03,1549.695
2024-04-04,1549.9051
2024-04-05,1550.1047
2024-04-16,1552.4229
2024-04-17,1552.6337
2024-04-18,1552.847
2024-04-19,1553.0583
2024-04-22,1553.6577
2024-04-23,1553.8684
2024-04-24,1554.0537
2024-04-25,1554.2479
2024-04-26,1554.3965
2024-04-29,1555.0468
2024-04-30,1555.2596
2024-05-02,1555.6821
2024-05-03,1555.8775
2024-05-06,1556.5127
2024-05-07,1556.7215
2024-05-08,1556.9467
2024-05-13,1558.0187
2024-05-14,1558.2389
2024-05-15,1558.4615
2024-05-16,1558.5452
2024-05-17,1558.5798
2024-05-20,1559.1915
2024-05-21,1559.4033
2024-05-22,1559.6053
2024-05-27,1560.6687
2024-05-28,1560.8771
2024-05-29,1561.0991
2024-05-30,1561.3081
2024-05-31,1561.3714
2024-06-03,1561.9859
2024-06-04,1562.1872
2024-06-05,1562.3982
2024-06-06,1562.6046
2024-06-07,1562.8127
2024-06-10,1563.4569
2024-06-11,1563.6673
2024-06-12,1563.8853
2024-06-13,1564.1038
2024-06-14,1564.32
2024-06-19,1564.9964
2024-06-20,1565.2156
2024-06-21,1565.4297
2024-06-24,1566.5824
2024-06-25,1566.7999
2024-06-26,1567.0081
2024-06-27,1567.2267
2024-06-28,1567.4382
2024-07-01,1568.0987
2024-07-02,1568.3203
2024-07-03,1568.5324
2024-07-04,1568.7347
2024-07-05,1568.9631
2024-07-08,1569.5989
2024-07-09,1569.8427
2024-07-10,1570.0675
2024-07-11,1570.2933
2024-07-12,1570.5217
2024-07-15,1571.2193
2024-07-16,1571.4401
2024-07-17,1571.6741
2024-07-18,1571.9902
2024-07-19,1572.1323
2024-07-22,1572.8032
2024-07-23,1572.9904
2024-07-24,1573.2234
2024-07-25,1573.4568
2024-07-26,1573.6999
2024-07-29,1574.3972
2024-07-30,1574.5265
2024-07-31,1574.6831
2024-08-01,1574.9418
2024-08-02,1575.1669
2024-08-05,1575.9044
2024-08-06,1576.1179
2024-08-07,1576.3376
2024-08-08,1576.5399
2024-08-09,1576.7754
2024-08-12,1577.5148
2024-08-13,1577.7557
2024-08-14,1577.9965
2024-08-15,1578.2228
2024-08-16,1578.4387
2024-08-19,1579.1871
2024-08-20,1579.3095
2024-08-21,1579.577
2024-08-22,1579.8329
2024-08-23,1579.9181
2024-08-26,1580.6313
2024-08-27,1580.8732
2024-08-28,1581.212
2024-08-29,1581.4429
2024-08-30,1581.6806
2024-09-02,1582.1745
2024-09-03,1582.4052
2024-09-04,1582.6482
2024-09-05,1582.8883
2024-09-06,1583.1357
2024-09-09,1583.8597
2024-09-10,1584.1052
2024-09-11,1584.3437
2024-09-12,1584.5887
2024-09-13,1584.8303
2024-09-17,1585.8157
2024-09-18,1586.0609
2024-09-19,1586.2094
2024-09-20,1586.436
2024-09-23,1587.1747
2024-09-24,1587.3989
2024-09-25,1587.561
2024-09-26,1587.7641
2024-09-27,1587.9781
2024-09-30,1588.6302
2024-10-01,1588.8676
2024-10-02,1589.0895
2024-10-03,1589.3383
2024-10-04,1589.5505
2024-10-07,1590.2488
2024-10-08,1590.468
2024-10-09,1590.7164
2024-10-10,1590.9601
2024-10-11,1591.2083
2024-10-14,1591.9584
2024-10-15,1592.2064
2024-10-16,1592.4604
2024-10-17,1592.7353
2024-10-18,1592.9509
2024-10-21,1593.6719
2024-10-22,1593.921
2024-10-23,1594.1502
2024-10-24,1594.3955
2024-10-25,1594.6429
2024-10-28,1596.4304
2024-10-29,1596.6728
2024-10-30,1596.8055
2024-10-31,1596.8335
2024-11-01,1596.9556
2024-11-04,1597.5831
2024-11-05,1597.8257
2024-11-06,1598.074
2024-11-07,1598.2374
2024-11-08,1598.3621
2024-11-11,1599.1173
2024-11-12,1599.3387
2024-11-13,1599.5566
2024-11-14,1599.7534
2024-11-15,1599.8847
2024-11-18,1600.6197
2024-11-19,1600.6798
2024-11-20,1600.857
2024-11-21,1601.0406
2024-11-22,1601.2348
2024-11-25,1601.9632
2024-11-26,1602.225
2024-11-28,1602.7197
2024-11-29,1602.8679
2024-12-02,1603.5639
2024-12-03,1603.8533
2024-12-04,1604.09
2024-12-05,1604.3325
2024-12-06,1604.5586
2024-12-09,1605.1235
2024-12-10,1605.3345
2024-12-11,1605.5447
2024-12-12,1605.7792
2024-12-13,1606.0205
2024-12-16,1606.6455
2024-12-17,1606.9162
2024-12-18,1607.1537
2024-12-19,1607.3947
2024-12-20,1607.6307
2024-12-23,1608.3303
2024-12-24,1608.4843
2024-12-27,1609.1653
2024-12-30,1609.8394
2025-01-02,1610.4209
2025-01-03,1609.8708
2025-01-06,1610.5671
2025-01-07,1610.7824
2025-01-08,1611.0171
2025-01-09,1611.2512
2025-01-10,1611.4877
2025-01-13,1612.1572
2025-01-14,1612.3904
2025-01-15,1612.6033
2025-01-16,1612.8179
2025-01-17,1613.0534
2025-01-20,1613.7368
2025-01-21,1613.9764
2025-01-22,1614.2094
2025-01-23,1614.443
2025-01-24,1614.6738
2025-01-30,1616.0933
2025-01-31,1616.113
2025-02-03,1616.8009
2025-02-04,1617.0283
2025-02-05,1617.2664
2025-02-06,1617.5063
2025-02-07,1617.7008
2025-02-10,1618.4086
2025-02-11,1618.6481
2025-02-12,1618.8879
2025-02-13,1619.1339
2025-02-14,1619.3298
2025-02-17,1620.0331
2025-02-18,1620.2708
2025-02-19,1620.5104
2025-02-20,1620.7462
2025-02-21,1620.9815
2025-02-24,1621.7066
2025-02-25,1621.9359
2025-02-26,1622.1346
2025-02-27,1622.3538
2025-02-28,1622.8655
2025-03-03,1623.5064
2025-03-04,1623.6688
2025-03-05,1623.8724
2025-03-06,1624.121
2025-03-07,1624.3296
2025-03-10,1625.0153
2025-03-11,1625.2372
2025-03-12,1625.4787
2025-03-13,1625.5214
2025-03-14,1625.7511
2025-03-17,1626.3461
2025-03-18,1626.5768
2025-03-19,1626.8133
2025-03-20,1627.0505
2025-03-21,1627.286
2025-03-24,1628.8254
2025-03-25,1629.0801
2025-03-26,1629.1123
2025-03-27,1629.2975
2025-04-08,1631.9121
2025-04-09,1632.0893
2025-04-10,1632.3161
2025-04-11,1632.5733
2025-04-14,1633.3184
2025-04-15,1633.5791
2025-04-16,1633.7931
2025-04-17,1634.0263
2025-04-21,1634.9552
2025-04-22,1635.1839
2025-04-23,1635.425
2025-04-24,1635.6601
2025-04-25,1635.8939
2025-04-28,1636.6317
2025-04-29,1636.8763
2025-04-30,1637.1185
2025-05-02,1637.5734
2025-05-05,1638.3119
2025-05-06,1638.5583
2025-05-07,1638.8044
2025-05-08,1639.0428
2025-05-09,1639.2839
2025-05-14,1640.5067
2025-05-15,1640.7446
2025-05-16,1640.991
2025-05-19,1641.6949
2025-05-20,1641.9383
2025-05-21,1642.1799
2025-05-22,1642.6055
2025-05-23,1642.8552
2025-05-26,1643.6044
2025-05-27,1643.8463
2025-05-28,1644.0608
2025-06-02,1645.1444
2025-06-03,1645.3771
2025-06-04,1645.6073
2025-06-05,1645.8569
2025-06-10,1647.0886
2025-06-11,1647.3223
2025-06-12,1647.5554
2025-06-13,1647.7952
2025-06-16,1648.4941
2025-06-17,1648.7244
2025-06-18,1648.9553
2025-06-19,1649.1843
2025-06-20,1649.3436
2025-06-23,1650.8613
2025-06-24,1651.06
2025-06-25,1651.2598
2025-06-26,1651.4927
2025-06-30,1652.3232
2025-07-01,1652.5688
2025-07-02,1652.7894
2025-07-03,1653.0296
2025-07-04,1653.2808
2025-07-07,1653.7824
2025-07-08,1653.9227
2025-07-09,1654.1562
2025-07-10,1654.3942
2025-07-11,1654.6075
2025-07-14,1655.258
2025-07-15,1655.4491
2025-07-16,1655.6841
2025-07-17,1655.8952
2025-07-18,1656.1276
2025-07-21,1656.5597
2025-07-22,1656.7518
2025-07-23,1656.9601
2025-07-24,1657.2258
2025-07-25,1657.4456
2025-07-28,1658.1664
2025-07-29,1658.4163
2025-07-30,1658.6407
2025-07-31,1658.6804
2025-08-01,1658.9213
2025-08-04,1659.6812
2025-08-05,1659.9288
2025-08-06,1660.12
2025-08-07,1660.3082
2025-08-08,1660.5589
2025-08-11,1661.1734
2025-08-12,1661.4217
2025-08-13,1661.6412
2025-08-14,1661.9144
2025-08-15,1662.1516
2025-08-19,1663.1405
2025-08-20,1663.3917
2025-08-21,1663.6397
2025-08-22,1663.883
2025-08-25,1664.6312
2025-08-26,1664.8885
2025-08-27,1665.1196
2025-08-28,1665.3686
2025-08-29,1665.6105
2025-09-01,1666.2247
2025-09-02,1666.4674
2025-09-03,1666.7146
2025-09-04,1666.9628
2025-09-08,1667.9611
2025-09-09,1668.1867
2025-09-10,1668.4268
2025-09-11,1668.6806
2025-09-12,1668.9861
2025-09-15,1669.8957
2025-09-16,1670.3203
2025-09-17,1670.7997
2025-09-18,1671.2151
2025-09-19,1671.5071
2025-09-22,1672.3116
2025-09-23,1673.6888
2025-09-24,1673.9224
2025-09-25,1674.0943
2025-09-26,1674.3359
2025-09-29,1675.07
2025-09-30,1675.3114
2025-10-01,1675.5358
2025-10-02,1675.7605
2025-10-03,1676.0245
2025-10-06,1676.768
2025-10-07,1676.9997
2025-10-08,1677.3017
2025-10-09,1677.4966
2025-10-10,1677.6357
2025-10-13,1678.4054
2025-10-14,1678.6577
2025-10-15,1678.9683
2025-10-16,1679.4082
2025-10-17,1679.6688
2025-10-20,1680.3595
2025-10-21,1680.615
2025-10-22,1680.8566
2025-10-23,1681.1341
2025-10-24,1681.3668
2025-10-27,1682.0896
2025-10-28,1682.3996
2025-10-29,1682.5919
2025-10-30,1682.8296
2025-10-31,1682.9012
2025-11-03,1683.7327
2025-11-04,1684.0168
2025-11-05,1684.2612
2025-11-06,1684.5637
2025-11-07,1684.8831
2025-11-10,1685.6822
2025-11-11,1685.9559
2025-11-12,1686.1758
2025-11-13,1686.4372
2025-11-14,1686.6967
2025-11-17,1687.4274
2025-11-18,1687.4596
2025-11-19,1687.7278
2025-11-20,1687.8888
2025-11-21,1688.0577
2025-11-24,1688.6728
2025-11-25,1688.797
2025-11-26,1689.0185
2025-11-27,1689.1675
2025-11-28,1689.317
2025-12-01,1689.9357
2025-12-02,1690.194
2025-12-03,1690.3977
2025-12-04,1690.6311
2025-12-05,1690.8558
2025-12-08,1691.5683
2025-12-09,1691.8728
2025-12-10,1692.0614
2025-12-11,1692.4108
2025-12-12,1692.4831
2025-12-15,1693.1347
2025-12-16,1693.3969
2025-12-17,1693.6348
2025-12-18,1694.636
2025-12-19,1694.7548
2025-12-22,1695.476
2025-12-23,1696.2689
2025-12-24,1696.4371
2025-12-29,1697.6922
2025-12-30,1697.9254
2026-01-02,1698.5785
2026-01-05,1699.3
2026-01-06,1699.5086
2026-01-07,1699.7135
2026-01-08,1699.9641
2026-01-09,1700.2135
2026-01-12,1700.8224
2026-01-13,1701.0627
2026-01-14,1701.275
2026-01-15,1701.5256
2026-01-19,1702.4078
2026-01-20,1702.5816
2026-01-21,1702.82
2026-01-22,1703.0329
2026-01-23,1703.2231
2026-01-26,1703.8401
2026-01-27,1703.9118
2026-01-28,1704.1218
2026-01-29,1704.3584
2026-01-30,1704.5162
2026-02-02,1705.0541
2026-02-03,1705.2963
2026-02-04,1705.553
2026-02-05,1705.7844
2026-02-06,1705.9587
2026-02-09,1706.7334
2026-02-10,1706.961
2026-02-11,1707.2013
2026-02-12,1707.4008
2026-02-13,1707.5997
2026-02-18,1708.7392
2026-02-19,1708.9829
2026-02-20,1709.2312
2026-02-23,1709.7881
2026-02-24,1709.9306
2026-02-25,1710.1049
2026-02-26,1710.2944
2026-02-27,1710.4823
2026-03-02,1711.4856
2026-03-03,1711.7203
2026-03-04,1711.8253
2026-03-05,1712.0275
2026-03-06,1712.2102
2026-03-09,1712.7612
2026-03-10,1712.9571
2026-03-11,1713.1375
2026-03-12,1713.2829
2026-03-13,1713.3942
2026-03-16,1713.9514
2026-03-17,1714.2334
2026-03-25,1716.4258
2026-03-26,1716.6326
2026-03-27,1716.9112
2026-03-30,1717.4221
2026-03-31,1717.6342
2026-04-01,1717.9719
2026-04-02,1718.292
2026-04-06,1718.348
2026-04-07,1718.6635
2026-04-08,1718.849
2026-04-09,1719.1073
2026-04-10,1719.4249
2026-04-13,1720.1716
2026-04-14,1720.3817
2026-04-15,1720.633
2026-04-16,1720.8441
2026-04-17,1721.0507
2026-04-20,1721.8631
2026-04-21,1722.1583
2026-04-22,1722.4123
2026-04-23,1722.6704
2026-04-24,1722.906
2026-04-27,1723.6745
2026-04-28,1723.9222
2026-04-29,1724.1374
2026-04-30,1724.3559
2026-05-04,1725.4192
2026-05-05,1725.64
2026-05-06,1725.8653
2026-05-07,1726.1403
2026-05-08,1726.3641
2026-05-11,1727.0056
2026-05-12,1727.1404
2026-05-13,1727.3499
2026-05-18,1728.5688
2026-05-19,1728.8149
2026-05-20,1729.0558
2026-05-21,1729.3108
2026-05-22,1729.6219
2026-05-25,1730.3685
2026-05-26,1730.5697
2026-05-29,1731.2769
2026-06-02,1732.0255
2026-06-03,1732.2202
2026-06-04,1732.5049
2026-06-05,1732.5407
2026-06-08,1733.2889
2026-06-09,1733.3942
2026-06-10,1733.6688
2026-06-11,1733.8526
2026-06-12,1734.2574
2026-06-15,1735.1706
2026-06-17,1735.8743
2026-06-18,1736.0526
2026-06-19,1736.2042
2026-06-22,1736.947
2026-06-23,1737.5571
2026-06-24,1737.735
2026-06-25,1737.9984
2026-06-26,1738.3657
2026-06-29,1739.2272
2026-06-30,1739.4365
2026-07-01,1739.6669
2026-07-02,1739.9073
2026-07-03,1740.248
2026-07-06,1741.1227
2026-07-07,1741.459
2026-07-08,1741.7152
2026-07-09,1742.0037
2026-07-10,1742.1628
2026-07-13,1743.0252
2026-07-14,1743.3254
2026-07-15,1743.5714
2026-07-16,1743.8801
2026-07-17,1744.243
2026-07-20,1745.1337
2026-07-21,1745.4295
2026-07-22,1745.7056
2026-07-23,1745.9944
2026-07-24,1746.281
2026-07-27,1747.1576
2026-07-28,1747.4554
2026-07-29,1747.7663
2026-07-30,1748.0671
2026-07-31,1748.1057
2026-08-03,1748.9369
2026-08-04,1749.2212
2026-08-05,1749.5136
2026-08-06,1749.772
2026-08-07,1750.0621
2026-08-10,1750.9371
2026-08-11,1751.2191
2026-08-12,1751.5174
2026-08-13,1751.8242
2026-08-14,1752.1264
2026-08-18,1753.4163
2026-08-19,1753.7138
2026-08-20,1754.0092
2026-08-21,1754.2606
2026-08-24,1755.1636
2026-08-26,1755.7621
2026-08-27,1756.0856
2026-08-28,1756.3818
2026-08-31,1756.9881
2026-09-01,1757.2435
2026-09-02,1757.4901
2026-09-03,1757.8004
2026-09-04,1758.089
2026-09-07,1758.9474
2026-09-08,1759.2549
2026-09-09,1759.5275
2026-09-10,1759.7724
2026-09-11,1760.0532
2026-09-14,1760.9094
2026-09-15,1761.194
2026-09-16,1761.5239
2026-09-17,1761.8211
2026-09-18,1762.0631
2026-09-21,1762.9224
2026-09-22,1763.197
2026-09-23,1763.4749
2026-09-24,1763.7426
2026-09-25,1764.0353
2026-09-28,1764.683
2026-09-29,1764.789
2026-09-30,1765.0969
2026-10-01,1765.4875
