date,saham,obligasi,pasar_uang,lainnya
2020-05-29,0,26.71,73.29,0
2020-06-30,0,25.47,74.53,0
2020-07-30,0,26.85,73.15,0
2020-08-31,0,24.98,75.02,0
2020-09-30,0,25.66,74.34,0
2020-10-27,0,30.38,69.62,0
2020-12-30,0,25.58,74.42,0
2021-01-29,0,24.61,75.39,0
2021-02-25,0,31.09,68.91,0
2021-02-26,0,24.25,75.75,0
2021-04-30,0,24.18,75.82,0
2021-05-31,0,23.61,76.39,0
2021-06-30,0,24.52,75.48,0
2021-07-30,0,30.76,69.24,0
2021-08-31,0,37.96,62.04,0
2021-09-30,0,33.16,66.84,0
2022-01-31,0,37.66,62.34,0
2022-02-25,0,31.09,68.91,0
2022-03-31,0,28.97,71.03,0
2022-05-31,0,30.88,69.12,0
2022-06-30,0,24.95,75.05,0
2022-07-29,0,27.25,72.75,0
2022-08-31,0,24.03,75.97,0
2022-09-30,0,37.46,62.54,0
2022-10-31,0,41.22,58.78,0
2022-11-30,0,35.87,64.13,0
2022-12-30,0,40.56,59.44,0
2023-01-31,0,41,59,0
2023-02-28,0,41.32,58.68,0
2023-03-31,0,39.25,60.75,0
2023-04-28,0,51.63,48.37,0
2023-05-31,0,40.78,59.22,0
2023-07-31,0,47.7,52.3,0
2023-09-29,0,46.7,53.3,0
2023-10-31,0,48.9,51.1,0
2023-11-30,0,48.35,51.65,0
2023-12-29,0,43.44,56.56,0
2024-01-31,0,41.33,58.67,0
2024-02-29,0,39.02,60.98,0
2024-03-28,0,33.62,66.38,0
2024-04-30,0,45.17,54.83,0
2024-05-31,0,45.54,54.46,0
2024-06-28,0,44.38,55.62,0
2024-07-31,0,33.3,66.7,0
2024-08-30,0,26.39,73.61,0
2024-09-30,0,22.61,77.39,0
2024-10-31,0,34.51,65.49,0
2024-11-29,0,43.34,56.66,0
2024-12-30,0,43.81,56.19,0
2025-01-31,0,42.7,57.3,0
2025-02-28,0,32.33,67.67,0
2025-03-27,0,25.71,74.29,0
2025-04-30,0,22.71,77.29,0
2025-05-28,0,22.25,77.75,0
2025-06-30,0,38.75,61.25,0
2025-07-31,0,63.83,36.17,0
