date,aum
2017-11-01,21491659061.68
2017-12-01,25250589284.73
2018-01-01,21418101456.58
2018-02-01,36190987402.05
2018-03-01,42426857284.75
2018-04-01,46287959243.97
2018-05-01,48080564486.06
2018-06-01,44373957436.43
2018-07-01,51756849969.12
2018-08-01,56446428130.61
2018-09-01,55119800538.27
2018-10-01,44395918376.68
2018-11-01,54256177377.66
2018-12-01,58821006458.94
2019-01-01,49989242007.94
2019-02-01,49773565964.82
2019-03-01,51051956341
2019-04-01,53149124403.71
2019-05-01,53247531613.74
2019-06-01,55656103645.94
2019-07-01,57542330688.15
2019-08-01,61586344320.69
2019-09-01,77296656217.4
2019-10-01,81874960292.01
2019-11-01,99270235920.78
2019-12-01,109396102723.16
2020-01-01,115773877408.17
2020-02-01,116554959448.36
2020-03-01,102544894494.51
2020-04-01,98951087579.87
2020-05-01,92487359913.04
2020-06-01,108896494280.68
2020-07-01,97808578690.83
2020-08-01,91898982059.66
2020-09-01,97575954471.82
2020-10-01,105837989736.85
2020-11-01,123434934679.13
2020-12-01,133426928989.19
2021-01-01,150821475881.71
2021-02-01,133225268276.84
2021-03-01,142493145184.14
2021-04-01,157694987854.19
2021-05-01,170624853427.79
2021-06-01,192915803865.76
2021-07-01,201431671010.41
2021-08-01,204077915584.65
2021-09-01,196924901923.21
2021-10-01,201856891422.29
2021-11-01,211042819704.34
2021-12-01,266651607867.8
2022-01-01,291580287780.07
2022-02-01,260895912666.33
2022-03-01,286066262574.62
2022-04-01,294944069340.69
2022-05-01,292983018749.42
2022-06-01,291564370605.49
2022-07-01,284410032084.65
2022-08-01,276937342346.15
2022-09-01,240455471750.09
2022-10-01,244330730950.66
2022-11-01,232743273248.12
2022-12-01,240340965416.36
2023-01-01,265770540120.91
2023-02-01,242313226139.48
2023-03-01,205984133689.23
2023-04-01,194908611750.67
2023-05-01,179144618328.97
2023-06-01,164777002314.28
2023-07-01,147760296226.38
2023-08-01,128842610881.24
2023-09-01,131173206099.99
2023-10-01,133859293371.28
2023-11-01,124362159390.7
2023-12-01,108844697317.55
2024-01-01,107862163937.04
2024-02-01,111626868088.72
2024-03-01,113604122051.55
2024-04-01,118949802362.35
2024-05-01,112282855968.99
2024-06-01,113936870706.18
2024-07-01,105367896645.03
2024-08-01,105463141819.07
2024-09-01,100162705749.62
2024-10-01,87073116246.2
2024-11-01,88331736737.82
2024-12-01,79237130011.29
2025-01-01,87217719886.21
2025-02-01,83857269629.92
2025-03-01,75027123698.09
2025-04-01,75278854101.82
2025-05-01,76330441650.24
2025-06-01,72542789187.34
2025-07-01,73683007859.64
2025-08-01,69698581731.72
2025-09-01,70258989739.1
2025-10-01,69304727937.86
2025-11-01,69507963607.65
2025-12-01,66757022397.34
2026-01-01,67799950653.16
2026-02-01,65166634233.18
2026-03-01,66881880697.6
2026-04-01,73497755342.74
2026-05-01,82824038849.5
2026-06-01,78713335868.64
2026-07-01,66685962271.63
2026-08-01,65856602135.74
2026-09-01,53912890134.09
