date,idr_per_usd
2013-05-20,9760
2013-05-21,9765
2013-05-22,9765
2013-05-23,9774
2013-05-24,9772
2013-05-27,9792
2013-05-28,9810
2013-05-29,9810
2013-05-30,9811
2013-05-31,9802
2013-06-03,9811
2013-06-04,9805
2013-06-05,9807
2013-06-07,9790
2013-06-10,9806
2013-06-11,9821
2013-06-12,9856
2013-06-13,9887
2013-06-14,9886
2013-06-17,9881
2013-06-18,9918
2013-06-19,9910
2013-06-20,9927
2013-06-21,9960
2013-06-24,9931
2013-06-25,9948
2013-06-26,9939
2013-06-27,9937
2013-06-28,9929
2013-07-01,9934
2013-07-02,9940
2013-07-03,9941
2013-07-04,9945
2013-07-05,9945
2013-07-08,9960
2013-07-09,9960
2013-07-10,9970
2013-07-11,9979
2013-07-12,9980
2013-07-15,10024
2013-07-16,10036
2013-07-17,10040
2013-07-18,10059
2013-07-19,10070
2013-07-22,10068
2013-07-23,10222
2013-07-24,10262
2013-07-25,10263
2013-07-26,10265
2013-07-29,10270
2013-07-30,10277
2013-07-31,10278
2013-08-01,10288
2013-08-02,10286
2013-08-12,10287
2013-08-13,10292
2013-08-14,10297
2013-08-15,10318
2013-08-16,10392
2013-08-19,10451
2013-08-20,10504
2013-08-21,10723
2013-08-22,10795
2013-08-23,10848
2013-08-26,10841
2013-08-27,10883
2013-08-28,10950
2013-08-29,10936
2013-08-30,10924
2013-09-02,10922
2013-09-03,10983
2013-09-04,11093
2013-09-05,11125
2013-09-06,11200
2013-09-09,11188
2013-09-10,11180
2013-09-11,11438
2013-09-12,11494
2013-09-13,11395
2013-09-16,11423
2013-09-17,11451
2013-09-18,11492
2013-09-19,11278
2013-09-20,11352
2013-09-23,11435
2013-09-24,11535
2013-09-25,11569
2013-09-26,11573
2013-09-27,11532
2013-09-30,11613
2013-10-01,11593
2013-10-02,11568
2013-10-03,11535
2013-10-04,11556
2013-10-07,11532
2013-10-08,11538
2013-10-09,11540
2013-10-10,11542
2013-10-11,11475
2013-10-16,11316
2013-10-17,11351
2013-10-18,11308
2013-10-21,11353
2013-10-22,11341
2013-10-23,11258
2013-10-24,11268
2013-10-25,11142
2013-10-28,11018
2013-10-29,11076
2013-10-30,11161
2013-10-31,11234
2013-11-01,11354
2013-11-04,11389
2013-11-06,11414
2013-11-07,11389
2013-11-08,11404
2013-11-11,11486
2013-11-12,11578
2013-11-13,11644
2013-11-14,11546
2013-11-15,11561
2013-11-18,11627
2013-11-19,11609
2013-11-20,11631
2013-11-21,11717
2013-11-22,11706
2013-11-25,11722
2013-11-26,11765
2013-11-27,11813
2013-11-28,11930
2013-11-29,11977
2013-12-02,11946
2013-12-03,11830
2013-12-04,11960
2013-12-05,12018
2013-12-06,11960
2013-12-09,11956
2013-12-10,11985
2013-12-11,12005
2013-12-12,12025
2013-12-13,12081
2013-12-16,12105
2013-12-17,12104
2013-12-18,12151
2013-12-19,12191
2013-12-20,12245
2013-12-23,12246
2013-12-24,12215
2013-12-27,12260
2013-12-30,12270
2013-12-31,12189
2014-01-02,12242
2014-01-03,12226
2014-01-06,12230
2014-01-07,12262
2014-01-08,12229
2014-01-09,12263
2014-01-10,12197
2014-01-13,12047
2014-01-15,12077
2014-01-16,12117
2014-01-17,12127
2014-01-20,12110
2014-01-21,12122
2014-01-22,12149
2014-01-23,12173
2014-01-24,12177
2014-01-27,12198
2014-01-28,12267
2014-01-29,12154
2014-01-30,12226
2014-02-03,12251
2014-02-04,12248
2014-02-05,12172
2014-02-06,12159
2014-02-07,12176
2014-02-10,12166
2014-02-11,12174
2014-02-12,12115
2014-02-13,12073
2014-02-14,11886
2014-02-17,11716
2014-02-18,11826
2014-02-19,11850
2014-02-20,11772
2014-02-21,11792
2014-02-24,11728
2014-02-25,11620
2014-02-26,11669
2014-02-27,11675
2014-02-28,11634
2014-03-03,11596
2014-03-04,11647
2014-03-05,11580
2014-03-06,11554
2014-03-07,11395
2014-03-10,11449
2014-03-11,11384
2014-03-12,11432
2014-03-13,11387
2014-03-14,11421
2014-03-17,11272
2014-03-18,11282
2014-03-19,11313
2014-03-20,11407
2014-03-21,11431
2014-03-24,11384
2014-03-25,11357
2014-03-26,11408
2014-03-27,11438
2014-03-28,11404
2014-04-01,11271
2014-04-02,11303
2014-04-03,11310
2014-04-04,11310
2014-04-07,11282
2014-04-08,11309
2014-04-10,11342
2014-04-11,11450
2014-04-14,11444
2014-04-15,11434
2014-04-16,11438
2014-04-17,11418
2014-04-21,11430
2014-04-22,11486
2014-04-23,11590
2014-04-24,11608
2014-04-25,11601
2014-04-28,11568
2014-04-29,11589
2014-04-30,11532
2014-05-02,11537
2014-05-05,11511
2014-05-06,11511
2014-05-07,11527
2014-05-08,11624
2014-05-09,11563
2014-05-12,11536
2014-05-13,11525
2014-05-14,11487
2014-05-16,11415
2014-05-19,11351
2014-05-20,11441
2014-05-21,11507
2014-05-22,11515
2014-05-23,11560
2014-05-26,11633
2014-05-28,11613
2014-05-30,11611
2014-06-02,11740
2014-06-03,11806
2014-06-04,11810
2014-06-05,11874
2014-06-06,11823
2014-06-09,11790
2014-06-10,11806
2014-06-11,11803
2014-06-12,11813
2014-06-13,11781
2014-06-16,11814
2014-06-17,11863
2014-06-18,11978
2014-06-19,11916
2014-06-20,11967
2014-06-23,11971
2014-06-24,12000
2014-06-25,12027
2014-06-26,12091
2014-06-27,12103
2014-06-30,11969
2014-07-01,11798
2014-07-02,11854
2014-07-03,11963
2014-07-04,11887
2014-07-07,11787
2014-07-08,11695
2014-07-10,11549
2014-07-11,11627
2014-07-14,11627
2014-07-15,11709
2014-07-16,11805
2014-07-17,11668
2014-07-18,11706
2014-07-21,11577
2014-07-22,11531
2014-07-23,11498
2014-07-24,11531
2014-07-25,11591
2014-08-04,11747
2014-08-05,11733
2014-08-06,11756
2014-08-07,11766
2014-08-08,11822
2014-08-11,11728
2014-08-12,11677
2014-08-13,11683
2014-08-14,11667
2014-08-15,11693
2014-08-18,11681
2014-08-19,11682
2014-08-20,11707
2014-08-21,11717
2014-08-22,11654
2014-08-25,11714
2014-08-26,11715
2014-08-27,11708
2014-08-28,11682
2014-08-29,11717
2014-09-01,11710
2014-09-02,11734
2014-09-03,11781
2014-09-04,11760
2014-09-05,11770
2014-09-08,11722
2014-09-09,11754
2014-09-10,11782
2014-09-11,11831
2014-09-12,11831
2014-09-15,11875
2014-09-16,11903
2014-09-17,11908
2014-09-18,12030
2014-09-19,11985
2014-09-22,11972
2014-09-23,11987
2014-09-24,11976
2014-09-25,11947
2014-09-26,12007
2014-09-29,12120
2014-09-30,12212
2014-10-01,12188
2014-10-02,12136
2014-10-03,12144
2014-10-06,12212
2014-10-07,12190
2014-10-08,12241
2014-10-09,12190
2014-10-10,12207
2014-10-13,12202
2014-10-14,12195
2014-10-15,12229
2014-10-16,12207
2014-10-17,12222
2014-10-20,12041
2014-10-21,11993
2014-10-22,12026
2014-10-23,12034
2014-10-24,12065
2014-10-27,12042
2014-10-28,12158
2014-10-29,12163
2014-10-30,12165
2014-10-31,12082
2014-11-03,12105
2014-11-04,12130
2014-11-05,12092
2014-11-06,12179
2014-11-07,12149
2014-11-10,12138
2014-11-11,12163
2014-11-12,12205
2014-11-13,12191
2014-11-14,12206
2014-11-17,12193
2014-11-18,12146
2014-11-19,12124
2014-11-20,12161
2014-11-21,12161
2014-11-24,12122
2014-11-25,12166
2014-11-26,12160
2014-11-27,12179
2014-11-28,12196
2014-12-01,12264
2014-12-02,12276
2014-12-03,12295
2014-12-04,12318
2014-12-05,12296
2014-12-08,12352
2014-12-09,12347
2014-12-10,12336
2014-12-11,12336
2014-12-12,12432
2014-12-15,12599
2014-12-16,12900
2014-12-17,12720
2014-12-18,12565
2014-12-19,12500
2014-12-22,12435
2014-12-23,12456
2014-12-24,12467
2014-12-29,12434
2014-12-30,12436
2014-12-31,12440
2015-01-02,12474
2015-01-05,12589
2015-01-06,12658
2015-01-07,12732
2015-01-08,12731
2015-01-09,12640
2015-01-12,12568
2015-01-13,12608
2015-01-14,12580
2015-01-15,12617
2015-01-16,12593
2015-01-19,12612
2015-01-20,12659
2015-01-21,12557
2015-01-22,12451
2015-01-23,12444
2015-01-26,12517
2015-01-27,12493
2015-01-28,12498
2015-01-29,12515
2015-01-30,12625
2015-02-02,12700
2015-02-03,12643
2015-02-04,12609
2015-02-05,12653
2015-02-06,12613
2015-02-09,12679
2015-02-10,12644
2015-02-11,12700
2015-02-12,12794
2015-02-13,12769
2015-02-16,12742
2015-02-17,12757
2015-02-18,12804
2015-02-20,12849
2015-02-23,12813
2015-02-24,12866
2015-02-25,12887
2015-02-26,12862
2015-02-27,12863
2015-03-02,12993
2015-03-03,12962
2015-03-04,12963
2015-03-05,13022
2015-03-06,12983
2015-03-09,13047
2015-03-10,13059
2015-03-11,13164
2015-03-12,13176
2015-03-13,13191
2015-03-16,13237
2015-03-17,13209
2015-03-18,13164
2015-03-19,13008
2015-03-20,13075
2015-03-23,13076
2015-03-24,12972
2015-03-25,12932
2015-03-26,13003
2015-03-27,13064
2015-03-30,13086
2015-03-31,13084
2015-04-01,13043
2015-04-02,13000
2015-04-06,12942
2015-04-07,12982
2015-04-08,13002
2015-04-09,12973
2015-04-10,12910
2015-04-13,12945
2015-04-14,12979
2015-04-15,12976
2015-04-16,12838
2015-04-17,12863
2015-04-20,12875
2015-04-21,12942
2015-04-22,12952
2015-04-23,12939
2015-04-24,12941
2015-04-27,12922
2015-04-28,12978
2015-04-29,12964
2015-04-30,12937
2015-05-04,13021
2015-05-05,12993
2015-05-06,13040
2015-05-07,13065
2015-05-08,13177
2015-05-11,13116
2015-05-12,13203
2015-05-13,13188
2015-05-15,13090
2015-05-18,13116
2015-05-19,13183
2015-05-20,13169
2015-05-21,13150
2015-05-22,13136
2015-05-25,13186
2015-05-26,13192
2015-05-27,13229
2015-05-28,13205
2015-05-29,13211
2015-06-01,13230
2015-06-03,13196
2015-06-04,13243
2015-06-05,13288
2015-06-08,13360
2015-06-09,13362
2015-06-10,13329
2015-06-11,13292
2015-06-12,13317
2015-06-15,13333
2015-06-16,13333
2015-06-17,13367
2015-06-18,13341
2015-06-19,13324
2015-06-22,13318
2015-06-23,13316
2015-06-24,13280
2015-06-25,13323
2015-06-26,13338
2015-06-29,13356
2015-06-30,13332
2015-07-01,13331
2015-07-02,13337
2015-07-03,13316
2015-07-06,13353
2015-07-07,13313
2015-07-08,13346
2015-07-09,13347
2015-07-10,13304
2015-07-13,13309
2015-07-14,13320
2015-07-15,13329
2015-07-22,13368
2015-07-23,13394
2015-07-24,13448
2015-07-27,13453
2015-07-28,13460
2015-07-29,13444
2015-07-30,13468
2015-07-31,13481
2015-08-03,13492
2015-08-04,13495
2015-08-05,13517
2015-08-06,13529
2015-08-07,13536
2015-08-10,13536
2015-08-11,13541
2015-08-12,13758
2015-08-13,13747
2015-08-14,13763
2015-08-18,13831
2015-08-19,13824
2015-08-20,13838
2015-08-21,13895
2015-08-24,13998
2015-08-25,14067
2015-08-26,14102
2015-08-27,14128
2015-08-28,14011
2015-08-31,14027
2015-09-01,14081
2015-09-02,14127
2015-09-03,14160
2015-09-04,14178
2015-09-07,14234
2015-09-08,14285
2015-09-09,14244
2015-09-10,14322
2015-09-11,14306
2015-09-14,14322
2015-09-15,14371
2015-09-16,14442
2015-09-17,14452
2015-09-18,14463
2015-09-21,14451
2015-09-22,14486
2015-09-23,14623
2015-09-25,14690
2015-09-28,14696
2015-09-29,14728
2015-09-30,14657
2015-10-01,14654
2015-10-02,14709
2015-10-05,14604
2015-10-06,14382
2015-10-07,14065
2015-10-08,13809
2015-10-09,13521
2015-10-12,13466
2015-10-13,13557
2015-10-15,13288
2015-10-16,13534
2015-10-19,13563
2015-10-20,13634
2015-10-21,13696
2015-10-22,13640
2015-10-23,13491
2015-10-26,13643
2015-10-27,13626
2015-10-28,13630
2015-10-29,13562
2015-10-30,13639
2015-11-02,13682
2015-11-03,13594
2015-11-04,13461
2015-11-05,13603
2015-11-06,13550
2015-11-09,13687
2015-11-10,13619
2015-11-11,13576
2015-11-12,13575
2015-11-13,13633
2015-11-16,13732
2015-11-17,13711
2015-11-18,13763
2015-11-19,13787
2015-11-20,13739
2015-11-23,13696
2015-11-24,13723
2015-11-25,13673
2015-11-26,13733
2015-11-27,13747
2015-11-30,13840
2015-12-01,13808
2015-12-02,13757
2015-12-03,13845
2015-12-04,13833
2015-12-07,13837
2015-12-08,13853
2015-12-10,13954
2015-12-11,13937
2015-12-14,14076
2015-12-15,14065
2015-12-16,14050
2015-12-17,14028
2015-12-18,14032
2015-12-21,13872
2015-12-22,13615
2015-12-23,13644
2015-12-28,13639
2015-12-29,13658
2015-12-30,13794
2015-12-31,13795
2016-01-04,13898
2016-01-05,13931
2016-01-06,13863
2016-01-07,13946
2016-01-08,13874
2016-01-11,13935
2016-01-12,13835
2016-01-13,13861
2016-01-14,13877
2016-01-15,13886
2016-01-18,13931
2016-01-19,13921
2016-01-20,13896
2016-01-21,13899
2016-01-22,13874
2016-01-25,13844
2016-01-26,13904
2016-01-27,13871
2016-01-28,13889
2016-01-29,13846
2016-02-01,13699
2016-02-02,13621
2016-02-03,13757
2016-02-04,13662
2016-02-05,13653
2016-02-09,13689
2016-02-10,13538
2016-02-11,13369
2016-02-12,13471
2016-02-15,13476
2016-02-16,13333
2016-02-17,13504
2016-02-18,13479
2016-02-19,13549
2016-02-22,13460
2016-02-23,13397
2016-02-24,13446
2016-02-25,13416
2016-02-26,13400
2016-02-29,13395
2016-03-01,13367
2016-03-02,13314
2016-03-03,13260
2016-03-04,13159
2016-03-07,13029
2016-03-08,13128
2016-03-10,13149
2016-03-11,13087
2016-03-14,13020
2016-03-15,13087
2016-03-16,13169
2016-03-17,13166
2016-03-18,13048
2016-03-21,13160
2016-03-22,13175
2016-03-23,13167
2016-03-24,13250
2016-03-28,13323
2016-03-29,13363
2016-03-30,13359
2016-03-31,13276
2016-04-01,13200
2016-04-04,13145
2016-04-05,13217
2016-04-06,13223
2016-04-07,13197
2016-04-08,13169
2016-04-11,13134
2016-04-12,13123
2016-04-13,13096
2016-04-14,13238
2016-04-15,13166
2016-04-18,13204
2016-04-19,13150
2016-04-20,13133
2016-04-21,13182
2016-04-22,13169
2016-04-25,13235
2016-04-26,13215
2016-04-27,13173
2016-04-28,13204
2016-04-29,13204
2016-05-02,13192
2016-05-03,13162
2016-05-04,13246
2016-05-09,13284
2016-05-10,13333
2016-05-11,13271
2016-05-12,13299
2016-05-13,13311
2016-05-16,13328
2016-05-17,13278
2016-05-18,13319
2016-05-19,13467
2016-05-20,13573
2016-05-23,13607
2016-05-24,13606
2016-05-25,13671
2016-05-26,13615
2016-05-27,13575
2016-05-30,13641
2016-05-31,13615
2016-06-01,13671
2016-06-02,13695
2016-06-03,13612
2016-06-06,13478
2016-06-07,13375
2016-06-08,13241
2016-06-09,13231
2016-06-10,13309
2016-06-13,13341
2016-06-14,13273
2016-06-15,13398
2016-06-16,13327
2016-06-17,13358
2016-06-20,13260
2016-06-21,13286
2016-06-22,13298
2016-06-23,13265
2016-06-24,13296
2016-06-27,13495
2016-06-28,13256
2016-06-29,13166
2016-06-30,13180
2016-07-01,13172
2016-07-11,13112
2016-07-12,13151
2016-07-13,13095
2016-07-14,13088
2016-07-15,13086
2016-07-18,13112
2016-07-19,13086
2016-07-20,13100
2016-07-21,13122
2016-07-22,13102
2016-07-25,13135
2016-07-26,13150
2016-07-27,13130
2016-07-28,13113
2016-07-29,13094
2016-08-01,13080
2016-08-02,13079
2016-08-03,13114
2016-08-04,13138
2016-08-05,13125
2016-08-08,13144
2016-08-09,13133
2016-08-10,13123
2016-08-11,13113
2016-08-12,13120
2016-08-15,13121
2016-08-16,13098
2016-08-18,13114
2016-08-19,13119
2016-08-22,13197
2016-08-23,13216
2016-08-24,13252
2016-08-25,13267
2016-08-26,13242
2016-08-29,13275
2016-08-30,13260
2016-08-31,13300
2016-09-01,13269
2016-09-02,13261
2016-09-05,13197
2016-09-06,13162
2016-09-07,13086
2016-09-08,13090
2016-09-09,13089
2016-09-13,13151
2016-09-14,13228
2016-09-15,13190
2016-09-16,13131
2016-09-19,13164
2016-09-20,13142
2016-09-21,13148
2016-09-22,13098
2016-09-23,13098
2016-09-26,13076
2016-09-27,13027
2016-09-28,12926
2016-09-29,12952
2016-09-30,12998
2016-10-03,13010
2016-10-04,12988
2016-10-05,12995
2016-10-06,12992
2016-10-07,13002
2016-10-10,12969
2016-10-11,12992
2016-10-12,13023
2016-10-13,13028
2016-10-14,13047
2016-10-17,13054
2016-10-18,13044
2016-10-19,13007
2016-10-20,12999
2016-10-21,13020
2016-10-24,13047
2016-10-25,13022
2016-10-26,12997
2016-10-27,13027
2016-10-28,13048
2016-10-31,13051
2016-11-01,13036
2016-11-02,13058
2016-11-03,13050
2016-11-04,13103
2016-11-07,13082
2016-11-08,13090
2016-11-09,13084
2016-11-10,13118
2016-11-11,13350
2016-11-14,13358
2016-11-15,13338
2016-11-16,13347
2016-11-17,13385
2016-11-18,13408
2016-11-21,13438
2016-11-22,13424
2016-11-23,13473
2016-11-24,13540
2016-11-25,13570
2016-11-28,13467
2016-11-29,13549
2016-11-30,13563
2016-12-01,13582
2016-12-02,13524
2016-12-05,13516
2016-12-06,13405
2016-12-07,13336
2016-12-08,13304
2016-12-09,13337
2016-12-13,13309
2016-12-14,13285
2016-12-15,13367
2016-12-16,13426
2016-12-19,13381
2016-12-20,13393
2016-12-21,13473
2016-12-22,13435
2016-12-23,13470
2016-12-27,13436
2016-12-28,13447
2016-12-29,13473
2016-12-30,13436
2017-01-03,13485
2017-01-04,13478
2017-01-05,13370
2017-01-06,13347
2017-01-09,13385
2017-01-10,13320
2017-01-11,13327
2017-01-12,13288
2017-01-13,13308
2017-01-16,13354
2017-01-17,13381
2017-01-18,13328
2017-01-19,13376
2017-01-20,13382
2017-01-23,13372
2017-01-24,13330
2017-01-25,13340
2017-01-26,13325
2017-01-27,13359
2017-01-30,13335
2017-01-31,13343
2017-02-01,13349
2017-02-02,13374
2017-02-03,13362
2017-02-06,13329
2017-02-07,13322
2017-02-08,13337
2017-02-09,13308
2017-02-10,13318
2017-02-13,13330
2017-02-14,13330
2017-02-16,13329
2017-02-17,13328
2017-02-20,13352
2017-02-21,13370
2017-02-22,13356
2017-02-23,13360
2017-02-24,13336
2017-02-27,13339
2017-02-28,13347
2017-03-01,13361
2017-03-02,13361
2017-03-03,13375
2017-03-06,13364
2017-03-07,13350
2017-03-08,13340
2017-03-09,13373
2017-03-10,13393
2017-03-13,13364
2017-03-14,13360
2017-03-15,13375
2017-03-16,13336
2017-03-17,13342
2017-03-20,13329
2017-03-21,13308
2017-03-22,13335
2017-03-23,13332
2017-03-24,13329
2017-03-27,13314
2017-03-29,13323
2017-03-30,13316
2017-03-31,13321
2017-04-03,13324
2017-04-04,13326
2017-04-05,13329
2017-04-06,13327
2017-04-07,13341
2017-04-10,13323
2017-04-11,13282
2017-04-12,13298
2017-04-13,13264
2017-04-17,13255
2017-04-18,13299
2017-04-20,13328
2017-04-21,13320
2017-04-25,13296
2017-04-26,13278
2017-04-27,13299
2017-04-28,13327
2017-05-02,13316
2017-05-03,13297
2017-05-04,13330
2017-05-05,13339
2017-05-08,13324
2017-05-09,13317
2017-05-10,13355
2017-05-12,13340
2017-05-15,13319
2017-05-16,13298
2017-05-17,13306
2017-05-18,13343
2017-05-19,13410
2017-05-22,13297
2017-05-23,13296
2017-05-24,13316
2017-05-26,13295
2017-05-29,13312
2017-05-30,13336
2017-05-31,13321
2017-06-02,13311
2017-06-05,13287
2017-06-06,13285
2017-06-07,13307
2017-06-08,13316
2017-06-09,13292
2017-06-12,13292
2017-06-13,13294
2017-06-14,13286
2017-06-15,13282
2017-06-16,13298
2017-06-19,13286
2017-06-20,13297
2017-06-21,13301
2017-06-22,13319
2017-07-03,13325
2017-07-04,13386
2017-07-05,13349
2017-07-06,13364
2017-07-07,13397
2017-07-10,13408
2017-07-11,13387
2017-07-12,13368
2017-07-13,13342
2017-07-14,13347
2017-07-17,13313
2017-07-18,13314
2017-07-19,13304
2017-07-20,13320
2017-07-21,13323
2017-07-24,13319
2017-07-25,13320
2017-07-26,13334
2017-07-27,13315
2017-07-28,13326
2017-07-31,13323
2017-08-01,13318
2017-08-02,13331
2017-08-03,13330
2017-08-04,13324
2017-08-07,13319
2017-08-08,13319
2017-08-09,13324
2017-08-10,13338
2017-08-11,13370
2017-08-14,13344
2017-08-15,13344
2017-08-16,13374
2017-08-18,13368
2017-08-21,13355
2017-08-22,13338
2017-08-23,13342
2017-08-24,13354
2017-08-25,13348
2017-08-28,13338
2017-08-29,13348
2017-08-30,13343
2017-08-31,13351
2017-09-04,13345
2017-09-05,13336
2017-09-06,13337
2017-09-07,13331
2017-09-08,13284
2017-09-11,13154
2017-09-12,13186
2017-09-13,13209
2017-09-14,13239
2017-09-15,13261
2017-09-18,13238
2017-09-19,13258
2017-09-20,13270
2017-09-22,13325
2017-09-25,13305
2017-09-26,13348
2017-09-27,13384
2017-09-28,13464
2017-09-29,13492
2017-10-02,13499
2017-10-03,13582
2017-10-04,13489
2017-10-05,13483
2017-10-06,13485
2017-10-09,13504
2017-10-10,13491
2017-10-11,13509
2017-10-12,13521
2017-10-13,13508
2017-10-16,13483
2017-10-17,13490
2017-10-18,13514
2017-10-19,13521
2017-10-20,13517
2017-10-23,13535
2017-10-24,13529
2017-10-25,13570
2017-10-26,13560
2017-10-27,13630
2017-10-30,13580
2017-10-31,13572
2017-11-01,13592
2017-11-02,13562
2017-11-03,13500
2017-11-06,13529
2017-11-07,13504
2017-11-08,13524
2017-11-09,13514
2017-11-10,13514
2017-11-13,13555
2017-11-14,13542
2017-11-15,13539
2017-11-16,13538
2017-11-17,13517
2017-11-20,13529
2017-11-21,13544
2017-11-22,13523
2017-11-23,13503
2017-11-24,13506
2017-11-27,13511
2017-11-28,13527
2017-11-29,13515
2017-11-30,13514
2017-12-04,13527
2017-12-05,13515
2017-12-06,13524
2017-12-07,13552
2017-12-08,13556
2017-12-11,13546
2017-12-12,13550
2017-12-13,13589
2017-12-14,13565
2017-12-15,13573
2017-12-18,13584
2017-12-19,13587
2017-12-20,13579
2017-12-21,13545
2017-12-22,13558
2017-12-27,13562
2017-12-28,13560
2017-12-29,13548
2018-01-02,13542
2018-01-03,13498
2018-01-04,13474
2018-01-05,13405
2018-01-08,13397
2018-01-09,13428
2018-01-10,13449
2018-01-11,13427
2018-01-12,13362
2018-01-15,13330
2018-01-16,13333
2018-01-17,13323
2018-01-18,13365
2018-01-19,13331
2018-01-22,13334
2018-01-23,13318
2018-01-24,13321
2018-01-25,13290
2018-01-26,13303
2018-01-29,13327
2018-01-30,13398
2018-01-31,13413
2018-02-01,13402
2018-02-02,13428
2018-02-05,13498
2018-02-06,13578
2018-02-07,13533
2018-02-08,13602
2018-02-09,13643
2018-02-12,13609
2018-02-13,13644
2018-02-14,13657
2018-02-15,13570
2018-02-19,13541
2018-02-20,13573
2018-02-21,13582
2018-02-22,13665
2018-02-23,13670
2018-02-26,13659
2018-02-27,13650
2018-02-28,13707
2018-03-01,13793
2018-03-02,13746
2018-03-05,13740
2018-03-06,13750
2018-03-07,13763
2018-03-08,13774
2018-03-09,13794
2018-03-12,13768
2018-03-13,13757
2018-03-14,13739
2018-03-15,13748
2018-03-16,13765
2018-03-19,13765
2018-03-20,13761
2018-03-21,13759
2018-03-22,13737
2018-03-23,13780
2018-03-26,13776
2018-03-27,13708
2018-03-28,13745
2018-03-29,13756
2018-04-02,13750
2018-04-03,13765
2018-04-04,13760
2018-04-05,13767
2018-04-06,13771
2018-04-09,13771
2018-04-10,13759
2018-04-11,13747
2018-04-12,13763
2018-04-13,13753
2018-04-16,13766
2018-04-17,13770
2018-04-18,13770
2018-04-19,13778
2018-04-20,13804
2018-04-23,13894
2018-04-24,13900
2018-04-25,13888
2018-04-26,13930
2018-04-27,13879
2018-04-30,13877
2018-05-02,13936
2018-05-03,13965
2018-05-04,13943
2018-05-07,13956
2018-05-08,14036
2018-05-09,14074
2018-05-11,14048
2018-05-14,13976
2018-05-15,14020
2018-05-16,14094
2018-05-17,14074
2018-05-18,14107
2018-05-21,14176
2018-05-22,14178
2018-05-23,14192
2018-05-24,14205
2018-05-25,14166
2018-05-28,14065
2018-05-30,14032
2018-05-31,13951
2018-06-04,13872
2018-06-05,13887
2018-06-06,13875
2018-06-07,13868
2018-06-08,13902
2018-06-21,14090
2018-06-22,14102
2018-06-25,14105
2018-06-26,14163
2018-06-28,14271
2018-06-29,14404
2018-07-02,14331
2018-07-03,14418
2018-07-04,14343
2018-07-05,14387
2018-07-06,14409
2018-07-09,14332
2018-07-10,14326
2018-07-11,14391
2018-07-12,14435
2018-07-13,14358
2018-07-16,14396
2018-07-17,14391
2018-07-18,14406
2018-07-19,14418
2018-07-20,14520
2018-07-23,14454
2018-07-24,14541
2018-07-25,14515
2018-07-26,14443
2018-07-27,14483
2018-07-30,14409
2018-07-31,14413
2018-08-01,14442
2018-08-02,14446
2018-08-03,14503
2018-08-06,14481
2018-08-07,14485
2018-08-08,14439
2018-08-09,14422
2018-08-10,14437
2018-08-13,14583
2018-08-14,14625
2018-08-15,14621
2018-08-16,14619
2018-08-20,14578
2018-08-21,14568
2018-08-23,14620
2018-08-24,14655
2018-08-27,14610
2018-08-28,14614
2018-08-29,14643
2018-08-30,14655
2018-08-31,14711
2018-09-03,14767
2018-09-04,14840
2018-09-05,14927
2018-09-06,14891
2018-09-07,14884
2018-09-10,14835
2018-09-12,14863
2018-09-13,14794
2018-09-14,14835
2018-09-17,14859
2018-09-18,14908
2018-09-19,14896
2018-09-20,14839
2018-09-21,14824
2018-09-24,14865
2018-09-25,14893
2018-09-26,14938
2018-09-27,14919
2018-09-28,14929
2018-10-01,14905
2018-10-02,14988
2018-10-03,15088
2018-10-04,15133
2018-10-05,15182
2018-10-08,15193
2018-10-09,15233
2018-10-10,15215
2018-10-11,15253
2018-10-12,15194
2018-10-15,15246
2018-10-16,15206
2018-10-17,15178
2018-10-18,15187
2018-10-19,15221
2018-10-22,15192
2018-10-23,15208
2018-10-24,15193
2018-10-25,15210
2018-10-26,15207
2018-10-29,15218
2018-10-30,15237
2018-10-31,15227
2018-11-01,15195
2018-11-02,15089
2018-11-05,14972
2018-11-06,14891
2018-11-07,14764
2018-11-08,14651
2018-11-09,14632
2018-11-12,14747
2018-11-13,14895
2018-11-14,14755
2018-11-15,14764
2018-11-16,14594
2018-11-19,14586
2018-11-21,14618
2018-11-22,14592
2018-11-23,14552
2018-11-26,14551
2018-11-27,14504
2018-11-28,14535
2018-11-29,14408
2018-11-30,14339
2018-12-03,14252
2018-12-04,14293
2018-12-05,14383
2018-12-06,14507
2018-12-07,14539
2018-12-10,14517
2018-12-11,14613
2018-12-12,14577
2018-12-13,14536
2018-12-14,14538
2018-12-17,14617
2018-12-18,14523
2018-12-19,14380
2018-12-20,14499
2018-12-21,14480
2018-12-26,14602
2018-12-27,14563
2018-12-28,14542
2018-12-31,14481
2019-01-02,14465
2019-01-03,14474
2019-01-04,14350
2019-01-07,14105
2019-01-08,14031
2019-01-09,14120
2019-01-10,14093
2019-01-11,14076
2019-01-14,14052
2019-01-15,14084
2019-01-16,14154
2019-01-17,14158
2019-01-18,14182
2019-01-21,14212
2019-01-22,14221
2019-01-23,14188
2019-01-24,14141
2019-01-25,14163
2019-01-28,14038
2019-01-29,14098
2019-01-30,14112
2019-01-31,14072
2019-02-01,13978
2019-02-04,13976
2019-02-06,13947
2019-02-07,13978
2019-02-08,13992
2019-02-11,13995
2019-02-12,14088
2019-02-13,14027
2019-02-14,14093
2019-02-15,14116
2019-02-18,14106
2019-02-19,14119
2019-02-20,14055
2019-02-21,14057
2019-02-22,14079
2019-02-25,14007
2019-02-26,13990
2019-02-27,14004
2019-02-28,14062
2019-03-01,14111
2019-03-04,14149
2019-03-05,14146
2019-03-06,14129
2019-03-08,14223
2019-03-11,14324
2019-03-12,14251
2019-03-13,14269
2019-03-14,14253
2019-03-15,14310
2019-03-18,14242
2019-03-19,14228
2019-03-20,14231
2019-03-21,14102
2019-03-22,14157
2019-03-25,14223
2019-03-26,14171
2019-03-27,14202
2019-03-28,14255
2019-03-29,14244
2019-04-01,14231
2019-04-02,14237
2019-04-04,14182
2019-04-05,14158
2019-04-08,14145
2019-04-09,14150
2019-04-10,14155
2019-04-11,14156
2019-04-12,14153
2019-04-15,14067
2019-04-16,14066
2019-04-18,14016
2019-04-22,14056
2019-04-23,14080
2019-04-24,14112
2019-04-25,14154
2019-04-26,14188
2019-04-29,14188
2019-04-30,14215
2019-05-02,14245
2019-05-03,14282
2019-05-06,14308
2019-05-07,14309
2019-05-08,14305
2019-05-09,14338
2019-05-10,14347
2019-05-13,14362
2019-05-14,14444
2019-05-15,14448
2019-05-16,14458
2019-05-17,14469
2019-05-20,14478
2019-05-21,14462
2019-05-22,14488
2019-05-23,14513
2019-05-24,14451
2019-05-27,14360
2019-05-28,14380
2019-05-29,14417
2019-05-31,14385
2019-06-10,14231
2019-06-11,14258
2019-06-12,14234
2019-06-13,14270
2019-06-14,14304
2019-06-17,14346
2019-06-18,14334
2019-06-19,14271
2019-06-20,14236
2019-06-21,14116
2019-06-24,14165
2019-06-25,14138
2019-06-26,14174
2019-06-27,14180
2019-06-28,14141
2019-07-01,14117
2019-07-02,14140
2019-07-03,14160
2019-07-04,14106
2019-07-05,14148
2019-07-08,14147
2019-07-09,14129
2019-07-10,14152
2019-07-11,14089
2019-07-12,14085
2019-07-15,13970
2019-07-16,13925
2019-07-17,13949
2019-07-18,13976
2019-07-19,13913
2019-07-22,13963
2019-07-23,13973
2019-07-24,14011
2019-07-25,13986
2019-07-26,14001
2019-07-29,14010
2019-07-30,14034
2019-07-31,14026
2019-08-01,14098
2019-08-02,14203
2019-08-05,14231
2019-08-06,14344
2019-08-07,14275
2019-08-08,14231
2019-08-09,14195
2019-08-12,14220
2019-08-13,14283
2019-08-14,14234
2019-08-15,14296
2019-08-16,14258
2019-08-19,14203
2019-08-20,14262
2019-08-21,14259
2019-08-22,14234
2019-08-23,14249
2019-08-26,14261
2019-08-27,14235
2019-08-28,14263
2019-08-29,14254
2019-08-30,14237
2019-09-02,14190
2019-09-03,14217
2019-09-04,14218
2019-09-05,14153
2019-09-06,14140
2019-09-09,14092
2019-09-10,14031
2019-09-11,14063
2019-09-12,14052
2019-09-13,13950
2019-09-16,14020
2019-09-17,14100
2019-09-18,14080
2019-09-19,14099
2019-09-20,14085
2019-09-23,14077
2019-09-24,14099
2019-09-25,14134
2019-09-26,14162
2019-09-27,14197
2019-09-30,14174
2019-10-01,14196
2019-10-02,14207
2019-10-03,14193
2019-10-04,14135
2019-10-07,14156
2019-10-08,14170
2019-10-09,14182
2019-10-10,14157
2019-10-11,14139
2019-10-14,14126
2019-10-15,14140
2019-10-16,14187
2019-10-17,14172
2019-10-18,14140
2019-10-21,14132
2019-10-22,14058
2019-10-23,14051
2019-10-24,13996
2019-10-25,14064
2019-10-28,14023
2019-10-29,14028
2019-10-30,14044
2019-10-31,14008
2019-11-01,14066
2019-11-04,14002
2019-11-05,14031
2019-11-06,13992
2019-11-07,14040
2019-11-08,14020
2019-11-11,14040
2019-11-12,14059
2019-11-13,14082
2019-11-14,14098
2019-11-15,14069
2019-11-18,14075
2019-11-19,14091
2019-11-20,14097
2019-11-21,14112
2019-11-22,14100
2019-11-25,14091
2019-11-26,14081
2019-11-27,14096
2019-11-28,14099
2019-11-29,14102
2019-12-02,14122
2019-12-03,14130
2019-12-04,14125
2019-12-05,14094
2019-12-06,14037
2019-12-09,14021
2019-12-10,14004
2019-12-11,14025
2019-12-12,14042
2019-12-13,13982
2019-12-16,14004
2019-12-17,14018
2019-12-18,14007
2019-12-19,13983
2019-12-20,13993
2019-12-23,13978
2019-12-26,13982
2019-12-27,13956
2019-12-30,13945
2019-12-31,13901
2020-01-02,13895
2020-01-03,13899
2020-01-06,13961
2020-01-07,13919
2020-01-08,13934
2020-01-09,13860
2020-01-10,13812
2020-01-13,13708
2020-01-14,13654
2020-01-15,13706
2020-01-16,13658
2020-01-17,13648
2020-01-20,13654
2020-01-21,13658
2020-01-22,13678
2020-01-23,13626
2020-01-24,13632
2020-01-27,13612
2020-01-28,13647
2020-01-29,13634
2020-01-30,13652
2020-01-31,13662
2020-02-03,13726
2020-02-04,13760
2020-02-05,13717
2020-02-06,13662
2020-02-07,13647
2020-02-10,13708
2020-02-11,13686
2020-02-12,13659
2020-02-13,13679
2020-02-14,13707
2020-02-17,13693
2020-02-18,13676
2020-02-19,13717
2020-02-20,13735
2020-02-21,13777
2020-02-24,13863
2020-02-25,13893
2020-02-26,13966
2020-02-27,14018
2020-02-28,14234
2020-03-02,14413
2020-03-03,14222
2020-03-04,14171
2020-03-05,14168
2020-03-06,14267
2020-03-09,14342
2020-03-10,14411
2020-03-11,14323
2020-03-12,14490
2020-03-13,14815
2020-03-16,14818
2020-03-17,15083
2020-03-18,15223
2020-03-19,15712
2020-03-20,16273
2020-03-23,16608
2020-03-24,16486
2020-03-26,16328
2020-03-27,16230
2020-03-30,16336
2020-03-31,16367
2020-04-01,16413
2020-04-02,16741
2020-04-03,16464
2020-04-06,16556
2020-04-07,16410
2020-04-08,16245
2020-04-09,16241
2020-04-13,15840
2020-04-14,15722
2020-04-15,15707
2020-04-16,15787
2020-04-17,15503
2020-04-20,15543
2020-04-21,15643
2020-04-22,15567
2020-04-23,15630
2020-04-24,15553
2020-04-27,15591
2020-04-28,15488
2020-04-29,15415
2020-04-30,15157
2020-05-04,15073
2020-05-05,15104
2020-05-06,15127
2020-05-08,15009
2020-05-11,14936
2020-05-12,14978
2020-05-13,14887
2020-05-14,14946
2020-05-15,14909
2020-05-18,14885
2020-05-19,14823
2020-05-20,14785
2020-05-26,14774
2020-05-27,14761
2020-05-28,14769
2020-05-29,14733
2020-06-02,14502
2020-06-03,14245
2020-06-04,14165
2020-06-05,14100
2020-06-08,13956
2020-06-09,13973
2020-06-10,14083
2020-06-11,14014
2020-06-12,14257
2020-06-15,14228
2020-06-16,14155
2020-06-17,14234
2020-06-18,14186
2020-06-19,14242
2020-06-22,14209
2020-06-23,14265
2020-06-24,14160
2020-06-25,14231
2020-06-26,14239
2020-06-29,14369
2020-06-30,14302
2020-07-01,14341
2020-07-02,14516
2020-07-03,14566
2020-07-06,14547
2020-07-07,14456
2020-07-08,14460
2020-07-09,14446
2020-07-10,14501
2020-07-13,14486
2020-07-14,14512
2020-07-15,14616
2020-07-16,14632
2020-07-17,14780
2020-07-20,14832
2020-07-21,14813
2020-07-22,14655
2020-07-23,14669
2020-07-24,14614
2020-07-27,14605
2020-07-28,14543
2020-07-29,14570
2020-07-30,14653
2020-08-03,14713
2020-08-04,14697
2020-08-05,14623
2020-08-06,14587
2020-08-07,14647
2020-08-10,14750
2020-08-11,14728
2020-08-12,14777
2020-08-13,14877
2020-08-14,14917
2020-08-18,14907
2020-08-19,14786
2020-08-24,14794
2020-08-25,14632
2020-08-26,14636
2020-08-27,14714
2020-08-28,14702
2020-08-31,14554
2020-09-01,14615
2020-09-02,14804
2020-09-03,14818
2020-09-04,14792
2020-09-07,14754
2020-09-08,14798
2020-09-09,14853
2020-09-10,14871
2020-09-11,14979
2020-09-14,14974
2020-09-15,14870
2020-09-16,14844
2020-09-17,14878
2020-09-18,14768
2020-09-21,14723
2020-09-22,14782
2020-09-23,14835
2020-09-24,14949
2020-09-25,14951
2020-09-28,14959
2020-09-29,14920
2020-09-30,14918
2020-10-01,14876
2020-10-02,14890
2020-10-05,14867
2020-10-06,14712
2020-10-07,14784
2020-10-08,14750
2020-10-09,14737
2020-10-12,14746
2020-10-13,14793
2020-10-14,14780
2020-10-15,14760
2020-10-16,14766
2020-10-19,14741
2020-10-20,14729
2020-10-21,14658
2020-10-22,14697
2020-10-23,14738
2020-10-26,14697
2020-10-27,14690
2020-11-02,14718
2020-11-03,14609
2020-11-04,14557
2020-11-05,14439
2020-11-06,14321
2020-11-09,14172
2020-11-10,14015
2020-11-11,14076
2020-11-12,14187
2020-11-13,14222
2020-11-16,14139
2020-11-17,14073
2020-11-18,14118
2020-11-19,14167
2020-11-20,14228
2020-11-23,14164
2020-11-24,14196
2020-11-25,14169
2020-11-26,14130
2020-11-27,14145
2020-11-30,14128
2020-12-01,14178
2020-12-02,14164
2020-12-03,14177
2020-12-04,14182
2020-12-07,14135
2020-12-08,14164
2020-12-10,14130
2020-12-11,14102
2020-12-14,14158
2020-12-15,14171
2020-12-16,14151
2020-12-17,14152
2020-12-18,14146
2020-12-21,14180
2020-12-22,14218
2020-12-23,14282
2020-12-28,14184
2020-12-29,14169
2020-12-30,14105
2021-01-04,13903
2021-01-05,13945
2021-01-06,13926
2021-01-07,13938
2021-01-08,14058
2021-01-11,14155
2021-01-12,14231
2021-01-13,14109
2021-01-14,14119
2021-01-15,14068
2021-01-18,14080
2021-01-19,14086
2021-01-20,14065
2021-01-21,14039
2021-01-22,14054
2021-01-25,14082
2021-01-26,14086
2021-01-27,14091
2021-01-28,14119
2021-01-29,14084
2021-02-01,14042
2021-02-02,14044
2021-02-03,14017
2021-02-04,14036
2021-02-05,14062
2021-02-08,14000
2021-02-09,14000
2021-02-10,13989
2021-02-11,14011
2021-02-15,13946
2021-02-16,13875
2021-02-17,14019
2021-02-18,14059
2021-02-19,14085
2021-02-22,14098
2021-02-23,14126
2021-02-24,14089
2021-02-25,14104
2021-02-26,14229
2021-03-01,14300
2021-03-02,14307
2021-03-03,14334
2021-03-04,14299
2021-03-05,14371
2021-03-08,14390
2021-03-09,14468
2021-03-10,14421
2021-03-12,14371
2021-03-15,14418
2021-03-16,14424
2021-03-17,14459
2021-03-18,14412
2021-03-19,14476
2021-03-22,14456
2021-03-23,14421
2021-03-24,14455
2021-03-25,14464
2021-03-26,14446
2021-03-29,14434
2021-03-30,14481
2021-03-31,14572
2021-04-01,14577
2021-04-05,14533
2021-04-06,14519
2021-04-07,14513
2021-04-08,14580
2021-04-09,14580
2021-04-12,14631
2021-04-13,14648
2021-04-14,14633
2021-04-15,14646
2021-04-16,14592
2021-04-19,14568
2021-04-20,14508
2021-04-21,14549
2021-04-22,14530
2021-04-23,14548
2021-04-26,14489
2021-04-27,14497
2021-04-28,14510
2021-04-29,14468
2021-04-30,14453
2021-05-03,14467
2021-05-04,14431
2021-05-05,14439
2021-05-06,14364
2021-05-07,14289
2021-05-10,14198
2021-05-11,14203
2021-05-17,14284
2021-05-18,14300
2021-05-19,14313
2021-05-20,14396
2021-05-21,14375
2021-05-24,14362
2021-05-25,14335
2021-05-27,14312
2021-05-28,14310
2021-05-31,14292
2021-06-02,14276
2021-06-03,14297
2021-06-04,14316
2021-06-07,14271
2021-06-08,14262
2021-06-09,14262
2021-06-10,14240
2021-06-11,14206
2021-06-14,14222
2021-06-15,14244
2021-06-16,14257
2021-06-17,14378
2021-06-18,14403
2021-06-21,14453
2021-06-22,14421
2021-06-23,14454
2021-06-24,14462
2021-06-25,14447
2021-06-28,14472
2021-06-29,14496
2021-06-30,14542
2021-07-01,14539
2021-07-02,14564
2021-07-05,14482
2021-07-06,14468
2021-07-07,14500
2021-07-08,14548
2021-07-09,14548
2021-07-12,14486
2021-07-13,14486
2021-07-14,14493
2021-07-15,14503
2021-07-16,14517
2021-07-19,14524
2021-07-21,14554
2021-07-22,14508
2021-07-23,14501
2021-07-26,14494
2021-07-27,14489
2021-07-28,14498
2021-07-29,14491
2021-07-30,14462
2021-08-02,14456
2021-08-03,14362
2021-08-04,14324
2021-08-05,14342
2021-08-06,14369
2021-08-09,14378
2021-08-10,14397
2021-08-12,14389
2021-08-13,14388
2021-08-16,14383
2021-08-18,14384
2021-08-19,14414
2021-08-20,14464
2021-08-23,14415
2021-08-24,14391
2021-08-25,14408
2021-08-26,14423
2021-08-27,14431
2021-08-30,14374
2021-08-31,14306
2021-09-01,14284
2021-09-02,14281
2021-09-03,14261
2021-09-06,14239
2021-09-07,14195
2021-09-08,14266
2021-09-09,14272
2021-09-10,14225
2021-09-13,14260
2021-09-14,14257
2021-09-15,14252
2021-09-16,14238
2021-09-17,14233
2021-09-20,14251
2021-09-21,14244
2021-09-22,14249
2021-09-23,14256
2021-09-24,14250
2021-09-27,14258
2021-09-28,14269
2021-09-29,14307
2021-09-30,14321
2021-10-01,14315
2021-10-04,14276
2021-10-05,14260
2021-10-06,14245
2021-10-07,14238
2021-10-08,14225
2021-10-11,14210
2021-10-12,14217
2021-10-13,14221
2021-10-14,14155
2021-10-15,14084
2021-10-18,14096
2021-10-19,14080
2021-10-21,14133
2021-10-22,14162
2021-10-25,14183
2021-10-26,14165
2021-10-27,14184
2021-10-28,14199
2021-10-29,14171
2021-11-01,14235
2021-11-02,14261
2021-11-03,14301
2021-11-04,14327
2021-11-05,14374
2021-11-08,14268
2021-11-09,14233
2021-11-10,14253
2021-11-11,14288
2021-11-12,14243
2021-11-15,14206
2021-11-16,14211
2021-11-17,14259
2021-11-18,14231
2021-11-19,14237
2021-11-22,14255
2021-11-23,14272
2021-11-24,14272
2021-11-25,14280
2021-11-26,14280
2021-11-29,14340
2021-11-30,14320
2021-12-01,14353
2021-12-02,14378
2021-12-03,14408
2021-12-06,14441
2021-12-07,14408
2021-12-08,14348
2021-12-09,14351
2021-12-10,14378
2021-12-13,14346
2021-12-14,14348
2021-12-15,14337
2021-12-16,14343
2021-12-17,14343
2021-12-20,14384
2021-12-21,14349
2021-12-22,14264
2021-12-23,14251
2021-12-24,14219
2021-12-27,14225
2021-12-28,14237
2021-12-29,14265
2021-12-30,14269
2021-12-31,14278
2022-01-03,14270
2022-01-04,14310
2022-01-05,14365
2022-01-06,14396
2022-01-07,14360
2022-01-10,14323
2022-01-11,14299
2022-01-12,14302
2022-01-13,14311
2022-01-14,14310
2022-01-17,14323
2022-01-18,14325
2022-01-19,14370
2022-01-20,14354
2022-01-21,14347
2022-01-24,14327
2022-01-25,14358
2022-01-26,14346
2022-01-27,14385
2022-01-28,14381
2022-01-31,14392
2022-02-02,14347
2022-02-03,14381
2022-02-04,14376
2022-02-07,14404
2022-02-08,14385
2022-02-09,14366
2022-02-10,14344
2022-02-11,14359
2022-02-14,14338
2022-02-15,14292
2022-02-16,14278
2022-02-17,14301
2022-02-18,14339
2022-02-21,14329
2022-02-22,14362
2022-02-23,14355
2022-02-24,14371
2022-02-25,14369
2022-03-01,14350
2022-03-02,14373
2022-03-04,14383
2022-03-07,14411
2022-03-08,14394
2022-03-09,14371
2022-03-10,14298
2022-03-11,14306
2022-03-14,14328
2022-03-15,14321
2022-03-16,14311
2022-03-17,14290
2022-03-18,14340
2022-03-21,14341
2022-03-22,14358
2022-03-23,14351
2022-03-24,14361
2022-03-25,14341
2022-03-28,14360
2022-03-29,14364
2022-03-30,14349
2022-03-31,14357
2022-04-01,14364
2022-04-04,14362
2022-04-05,14348
2022-04-06,14364
2022-04-07,14359
2022-04-08,14365
2022-04-11,14370
2022-04-12,14364
2022-04-13,14359
2022-04-14,14349
2022-04-18,14356
2022-04-19,14347
2022-04-20,14351
2022-04-21,14348
2022-04-22,14361
2022-04-25,14452
2022-04-26,14412
2022-04-27,14418
2022-04-28,14480
2022-05-09,14534
2022-05-10,14546
2022-05-11,14546
2022-05-12,14585
2022-05-13,14619
2022-05-17,14651
2022-05-18,14682
2022-05-19,14731
2022-05-20,14661
2022-05-23,14665
2022-05-24,14653
2022-05-25,14645
2022-05-27,14578
2022-05-30,14544
2022-05-31,14592
2022-06-02,14526
2022-06-03,14431
2022-06-06,14462
2022-06-07,14464
2022-06-08,14477
2022-06-09,14555
2022-06-10,14569
2022-06-13,14672
2022-06-14,14729
2022-06-15,14746
2022-06-16,14741
2022-06-17,14828
2022-06-20,14836
2022-06-21,14804
2022-06-22,14860
2022-06-23,14835
2022-06-24,14846
2022-06-27,14802
2022-06-28,14837
2022-06-29,14848
2022-06-30,14882
2022-07-01,14956
2022-07-04,14960
2022-07-05,14990
2022-07-06,15015
2022-07-07,14986
2022-07-08,14981
2022-07-11,14969
2022-07-12,14993
2022-07-13,14985
2022-07-14,14999
2022-07-15,14999
2022-07-18,14986
2022-07-19,14992
2022-07-20,14984
2022-07-21,15017
2022-07-22,15024
2022-07-25,14992
2022-07-26,14984
2022-07-27,15020
2022-07-28,14958
2022-07-29,14860
2022-08-01,14874
2022-08-02,14888
2022-08-03,14917
2022-08-04,14929
2022-08-05,14904
2022-08-08,14915
2022-08-09,14862
2022-08-10,14875
2022-08-11,14799
2022-08-12,14688
2022-08-15,14727
2022-08-16,14767
2022-08-18,14822
2022-08-19,14858
2022-08-22,14882
2022-08-23,14893
2022-08-24,14851
2022-08-25,14827
2022-08-26,14814
2022-08-29,14887
2022-08-30,14875
2022-08-31,14853
2022-09-01,14884
2022-09-02,14900
2022-09-05,14920
2022-09-06,14885
2022-09-07,14927
2022-09-08,14905
2022-09-09,14846
2022-09-12,14839
2022-09-13,14861
2022-09-14,14923
2022-09-15,14899
2022-09-16,14939
2022-09-19,14980
2022-09-20,14975
2022-09-21,15011
2022-09-22,15033
2022-09-23,15035
2022-09-26,15119
2022-09-27,15155
2022-09-28,15243
2022-09-29,15247
2022-09-30,15232
2022-10-03,15293
2022-10-04,15276
2022-10-05,15196
2022-10-06,15197
2022-10-07,15246
2022-10-10,15299
2022-10-11,15362
2022-10-12,15373
2022-10-13,15357
2022-10-14,15390
2022-10-17,15480
2022-10-18,15469
2022-10-19,15491
2022-10-20,15579
2022-10-21,15610
2022-10-24,15590
2022-10-25,15616
2022-10-26,15596
2022-10-27,15573
2022-10-28,15542
2022-10-31,15596
2022-11-01,15647
2022-11-02,15652
2022-11-03,15681
2022-11-04,15736
2022-11-07,15692
2022-11-08,15684
2022-11-09,15654
2022-11-10,15701
2022-11-11,15493
2022-11-14,15499
2022-11-15,15564
2022-11-16,15610
2022-11-17,15687
2022-11-18,15692
2022-11-21,15707
2022-11-22,15716
2022-11-23,15700
2022-11-24,15647
2022-11-25,15668
2022-11-28,15729
2022-11-29,15737
2022-11-30,15742
2022-12-01,15617
2022-12-02,15429
2022-12-05,15409
2022-12-06,15576
2022-12-07,15619
2022-12-08,15624
2022-12-09,15587
2022-12-12,15642
2022-12-13,15661
2022-12-14,15619
2022-12-15,15630
2022-12-16,15617
2022-12-19,15621
2022-12-20,15608
2022-12-21,15601
2022-12-22,15594
2022-12-23,15605
2022-12-26,15636
2022-12-27,15659
2022-12-28,15703
2022-12-29,15731
2022-12-30,15592
2023-01-02,15572
2023-01-03,15590
2023-01-04,15615
2023-01-05,15610
2023-01-06,15635
2023-01-09,15574
2023-01-10,15589
2023-01-11,15527
2023-01-12,15366
2023-01-13,15177
2023-01-16,15019
2023-01-17,15154
2023-01-18,15137
2023-01-19,15113
2023-01-20,15121
2023-01-24,14930
2023-01-25,14958
2023-01-26,14964
2023-01-27,14978
2023-01-30,14979
2023-01-31,14992
2023-02-01,14991
2023-02-02,14868
2023-02-03,14898
2023-02-06,15055
2023-02-07,15139
2023-02-08,15122
2023-02-09,15120
2023-02-10,15140
2023-02-13,15216
2023-02-14,15168
2023-02-15,15194
2023-02-16,15176
2023-02-17,15199
2023-02-20,15168
2023-02-21,15179
2023-02-22,15218
2023-02-23,15187
2023-02-24,15216
2023-02-27,15274
2023-02-28,15240
2023-03-01,15250
2023-03-02,15273
2023-03-03,15306
2023-03-06,15301
2023-03-07,15359
2023-03-08,15451
2023-03-09,15438
2023-03-10,15468
2023-03-13,15374
2023-03-14,15380
2023-03-15,15365
2023-03-16,15418
2023-03-17,15364
2023-03-20,15372
2023-03-21,15349
2023-03-24,15189
2023-03-27,15174
2023-03-28,15088
2023-03-29,15094
2023-03-30,15062
2023-03-31,14977
2023-04-03,14990
2023-04-04,14913
2023-04-05,14933
2023-04-06,14943
2023-04-10,14905
2023-04-11,14888
2023-04-12,14866
2023-04-13,14792
2023-04-14,14666
2023-04-17,14773
2023-04-18,14855
2023-04-26,14882
2023-04-27,14751
2023-04-28,14661
2023-05-02,14703
2023-05-03,14706
2023-05-04,14632
2023-05-05,14674
2023-05-08,14709
2023-05-09,14757
2023-05-10,14746
2023-05-11,14722
2023-05-12,14752
2023-05-15,14812
2023-05-16,14810
2023-05-17,14875
2023-05-19,14936
2023-05-22,14897
2023-05-23,14878
2023-05-24,14905
2023-05-25,14952
2023-05-26,14959
2023-05-29,14973
2023-05-30,14969
2023-05-31,15003
2023-06-05,14888
2023-06-06,14839
2023-06-07,14875
2023-06-08,14903
2023-06-09,14853
2023-06-12,14874
2023-06-13,14868
2023-06-14,14895
2023-06-15,14943
2023-06-16,14945
2023-06-19,14994
2023-06-20,15040
2023-06-21,14982
2023-06-22,14918
2023-06-23,14998
2023-06-26,15026
2023-06-27,15000
2023-07-03,15034
2023-07-04,15018
2023-07-05,15013
2023-07-06,15062
2023-07-07,15136
2023-07-10,15192
2023-07-11,15162
2023-07-12,15084
2023-07-13,14978
2023-07-14,14945
2023-07-17,15007
2023-07-18,14994
2023-07-20,14991
2023-07-21,15026
2023-07-24,15028
2023-07-25,15007
2023-07-26,15032
2023-07-27,15003
2023-07-28,15083
2023-07-31,15092
2023-08-01,15117
2023-08-02,15171
2023-08-03,15198
2023-08-04,15168
2023-08-07,15178
2023-08-08,15229
2023-08-09,15206
2023-08-10,15204
2023-08-11,15225
2023-08-14,15323
2023-08-15,15346
2023-08-16,15308
2023-08-18,15308
2023-08-21,15329
2023-08-22,15326
2023-08-23,15319
2023-08-24,15253
2023-08-25,15297
2023-08-28,15294
2023-08-29,15263
2023-08-30,15239
2023-08-31,15237
2023-09-01,15252
2023-09-04,15247
2023-09-05,15260
2023-09-06,15307
2023-09-07,15334
2023-09-08,15341
2023-09-11,15352
2023-09-12,15344
2023-09-13,15367
2023-09-14,15357
2023-09-15,15367
2023-09-18,15373
2023-09-19,15381
2023-09-20,15396
2023-09-21,15397
2023-09-22,15383
2023-09-25,15399
2023-09-26,15464
2023-09-27,15526
2023-09-29,15487
2023-10-02,15519
2023-10-03,15600
2023-10-04,15636
2023-10-05,15601
2023-10-06,15628
2023-10-09,15675
2023-10-10,15708
2023-10-11,15710
2023-10-12,15702
2023-10-13,15709
2023-10-16,15716
2023-10-17,15718
2023-10-18,15731
2023-10-19,15838
2023-10-20,15856
2023-10-23,15943
2023-10-24,15869
2023-10-25,15871
2023-10-26,15933
2023-10-27,15941
2023-10-30,15916
2023-10-31,15897
2023-11-01,15946
2023-11-02,15861
2023-11-03,15771
2023-11-06,15550
2023-11-07,15593
2023-11-08,15629
2023-11-09,15649
2023-11-10,15693
2023-11-13,15713
2023-11-14,15699
2023-11-15,15503
2023-11-16,15595
2023-11-17,15504
2023-11-20,15419
2023-11-21,15436
2023-11-22,15584
2023-11-23,15593
2023-11-24,15587
2023-11-27,15527
2023-11-28,15450
2023-11-29,15384
2023-11-30,15484
2023-12-01,15524
2023-12-04,15446
2023-12-05,15504
2023-12-06,15504
2023-12-07,15536
2023-12-08,15500
2023-12-11,15614
2023-12-12,15631
2023-12-13,15629
2023-12-14,15493
2023-12-15,15503
2023-12-18,15516
2023-12-19,15506
2023-12-20,15512
2023-12-21,15533
2023-12-22,15489
2023-12-27,15414
2023-12-28,15416
2023-12-29,15439
2024-01-02,15473
2024-01-03,15495
2024-01-04,15525
2024-01-05,15518
2024-01-08,15522
2024-01-09,15518
2024-01-10,15568
2024-01-11,15558
2024-01-12,15559
2024-01-15,15555
2024-01-16,15592
2024-01-17,15639
2024-01-18,15630
2024-01-19,15628
2024-01-22,15627
2024-01-23,15656
2024-01-24,15719
2024-01-25,15767
2024-01-26,15829
2024-01-29,15825
2024-01-30,15796
2024-01-31,15803
2024-02-01,15775
2024-02-02,15688
2024-02-05,15705
2024-02-06,15734
2024-02-07,15685
2024-02-12,15612
2024-02-13,15585
2024-02-15,15606
2024-02-16,15654
2024-02-19,15630
2024-02-20,15659
2024-02-21,15658
2024-02-22,15630
2024-02-23,15589
2024-02-26,15635
2024-02-27,15655
2024-02-28,15673
2024-02-29,15715
2024-03-01,15696
2024-03-04,15723
2024-03-05,15756
2024-03-06,15723
2024-03-07,15658
2024-03-08,15603
2024-03-13,15576
2024-03-14,15582
2024-03-15,15624
2024-03-18,15672
2024-03-19,15712
2024-03-20,15727
2024-03-21,15662
2024-03-22,15773
2024-03-25,15795
2024-03-26,15797
2024-03-27,15853
2024-03-28,15873
2024-04-01,15909
2024-04-02,15934
2024-04-03,15923
2024-04-04,15907
2024-04-05,15873
2024-04-16,16176
2024-04-17,16240
2024-04-18,16177
2024-04-19,16280
2024-04-22,16224
2024-04-23,16244
2024-04-24,16161
2024-04-25,16208
2024-04-26,16222
2024-04-29,16249
2024-04-30,16276
2024-05-02,16202
2024-05-03,16094
2024-05-06,16025
2024-05-07,16054
2024-05-08,16081
2024-05-13,16085
2024-05-14,16131
2024-05-15,16070
2024-05-16,15944
2024-05-17,15978
2024-05-20,15980
2024-05-21,16024
2024-05-22,15995
2024-05-27,16064
2024-05-28,16095
2024-05-29,16160
2024-05-30,16253
2024-05-31,16251
2024-06-03,16225
2024-06-04,16220
2024-06-05,16282
2024-06-06,16279
2024-06-07,16218
2024-06-10,16290
2024-06-11,16295
2024-06-12,16297
2024-06-13,16286
2024-06-14,16374
2024-06-19,16368
2024-06-20,16420
2024-06-21,16458
2024-06-24,16431
2024-06-25,16379
2024-06-26,16435
2024-06-27,16421
2024-06-28,16394
2024-07-01,16355
2024-07-02,16384
2024-07-03,16387
2024-07-04,16341
2024-07-05,16312
2024-07-08,16265
2024-07-09,16281
2024-07-10,16256
2024-07-11,16200
2024-07-12,16154
2024-07-15,16174
2024-07-16,16203
2024-07-17,16129
2024-07-18,16160
2024-07-19,16199
2024-07-22,16228
2024-07-23,16204
2024-07-24,16224
2024-07-25,16268
2024-07-26,16294
2024-07-29,16286
2024-07-30,16320
2024-07-31,16294
2024-08-01,16243
2024-08-02,16234
2024-08-05,16154
2024-08-06,16183
2024-08-07,16100
2024-08-08,15952
2024-08-09,15914
2024-08-12,15963
2024-08-13,15885
2024-08-14,15691
2024-08-15,15687
2024-08-16,15716
2024-08-19,15591
2024-08-20,15480
2024-08-21,15456
2024-08-22,15579
2024-08-23,15554
2024-08-26,15380
2024-08-27,15509
2024-08-28,15476
2024-08-29,15409
2024-08-30,15473
2024-09-02,15536
2024-09-03,15557
2024-09-04,15490
2024-09-05,15410
2024-09-06,15372
2024-09-09,15446
2024-09-10,15447
2024-09-11,15415
2024-09-12,15421
2024-09-13,15405
2024-09-17,15338
2024-09-18,15350
2024-09-19,15287
2024-09-20,15100
2024-09-23,15191
2024-09-24,15186
2024-09-25,15092
2024-09-26,15171
2024-09-27,15138
2024-09-30,15144
2024-10-01,15204
2024-10-02,15247
2024-10-03,15394
2024-10-04,15495
2024-10-07,15680
2024-10-08,15671
2024-10-09,15607
2024-10-10,15658
2024-10-11,15609
2024-10-14,15581
2024-10-15,15555
2024-10-16,15536
2024-10-17,15516
2024-10-18,15466
2024-10-21,15465
2024-10-22,15560
2024-10-23,15620
2024-10-24,15593
2024-10-25,15629
2024-10-28,15729
2024-10-29,15760
2024-10-30,15732
2024-10-31,15705
2024-11-01,15723
2024-11-04,15751
2024-11-05,15766
2024-11-06,15840
2024-11-07,15767
2024-11-08,15671
2024-11-11,15677
2024-11-12,15771
2024-11-13,15782
2024-11-14,15873
2024-11-15,15888
2024-11-18,15848
2024-11-19,15816
2024-11-20,15858
2024-11-21,15942
2024-11-22,15911
2024-11-25,15864
2024-11-26,15930
2024-11-28,15864
2024-11-29,15856
2024-12-02,15905
2024-12-03,15950
2024-12-04,15957
2024-12-05,15892
2024-12-06,15848
2024-12-09,15861
2024-12-10,15874
2024-12-11,15905
2024-12-12,15939
2024-12-13,15987
2024-12-16,16019
2024-12-17,16050
2024-12-18,16100
2024-12-19,16277
2024-12-20,16270
2024-12-23,16159
2024-12-24,16208
2024-12-27,16251
2024-12-30,16162
2024-12-31,16157
2025-01-02,16236
2025-01-03,16217
2025-01-06,16193
2025-01-07,16169
2025-01-08,16201
2025-01-09,16238
2025-01-10,16194
2025-01-13,16281
2025-01-14,16265
2025-01-15,16311
2025-01-16,16378
2025-01-17,16373
2025-01-20,16372
2025-01-21,16331
2025-01-22,16327
2025-01-23,16276
2025-01-24,16200
2025-01-30,16259
2025-01-31,16312
2025-02-03,16453
2025-02-04,16365
2025-02-05,16308
2025-02-06,16330
2025-02-07,16325
2025-02-10,16350
2025-02-11,16380
2025-02-12,16364
2025-02-13,16365
2025-02-14,16285
2025-02-17,16208
2025-02-18,16275
2025-02-19,16357
2025-02-20,16344
2025-02-21,16300
2025-02-24,16303
2025-02-25,16316
2025-02-26,16387
2025-02-27,16431
2025-02-28,16575
2025-03-03,16506
2025-03-04,16443
2025-03-05,16371
2025-03-06,16315
2025-03-07,16336
2025-03-10,16326
2025-03-11,16430
2025-03-12,16453
2025-03-13,16428
2025-03-14,16392
2025-03-17,16379
2025-03-18,16432
2025-03-19,16528
2025-03-20,16481
2025-03-21,16501
2025-03-24,16561
2025-03-25,16622
2025-03-26,16588
2025-03-27,16566
2025-04-08,16849
2025-04-09,16943
2025-04-10,16779
2025-04-11,16805
2025-04-14,16773
2025-04-15,16815
2025-04-16,16845
2025-04-17,16833
2025-04-21,16808
2025-04-22,16862
2025-04-23,16880
2025-04-24,16884
2025-04-25,16829
2025-04-28,16862
2025-04-29,16787
2025-04-30,16679
2025-05-02,16493
2025-05-05,16421
2025-05-06,16472
2025-05-07,16533
2025-05-08,16497
2025-05-09,16532
2025-05-14,16568
2025-05-15,16535
2025-05-16,16424
2025-05-19,16455
2025-05-20,16406
2025-05-21,16413
2025-05-22,16313
2025-05-23,16289
2025-05-26,16207
2025-05-27,16255
2025-05-28,16300
2025-06-02,16297
2025-06-03,16288
2025-06-04,16305
2025-06-05,16277
2025-06-10,16276
2025-06-11,16265
2025-06-12,16237
2025-06-13,16293
2025-06-16,16296
2025-06-17,16281
2025-06-18,16319
2025-06-19,16378
2025-06-20,16399
2025-06-23,16484
2025-06-24,16370
2025-06-25,16292
2025-06-26,16233
2025-06-30,16231
2025-07-01,16192
2025-07-02,16236
2025-07-03,16209
2025-07-04,16204
2025-07-07,16237
2025-07-08,16238
2025-07-09,16254
2025-07-10,16220
2025-07-11,16221
2025-07-14,16247
2025-07-15,16281
2025-07-16,16288
2025-07-17,16329
2025-07-18,16301
2025-07-21,16330
2025-07-22,16307
2025-07-23,16298
2025-07-24,16283
2025-07-25,16325
2025-07-28,16341
2025-07-29,16399
2025-07-30,16387
2025-07-31,16459
2025-08-01,16494
2025-08-04,16388
2025-08-05,16388
2025-08-06,16379
2025-08-07,16312
2025-08-08,16299
2025-08-11,16253
2025-08-12,16298
2025-08-13,16237
2025-08-14,16109
2025-08-15,16162
2025-08-19,16241
2025-08-20,16291
2025-08-21,16283
2025-08-22,16340
2025-08-25,16255
2025-08-26,16277
2025-08-27,16355
2025-08-28,16356
2025-08-29,16461
2025-09-01,16463
2025-09-02,16418
2025-09-03,16424
2025-09-04,16438
2025-09-08,16348
2025-09-09,16462
2025-09-10,16457
2025-09-11,16468
2025-09-12,16391
2025-09-15,16405
2025-09-16,16385
2025-09-17,16430
2025-09-18,16498
2025-09-19,16578
2025-09-22,16607
2025-09-23,16636
2025-09-24,16680
2025-09-25,16752
2025-09-26,16775
2025-09-29,16680
2025-09-30,16692
2025-10-01,16680
2025-10-02,16612
2025-10-03,16611
2025-10-06,16598
2025-10-07,16560
2025-10-08,16606
2025-10-09,16534
2025-10-10,16585
2025-10-13,16580
2025-10-14,16577
2025-10-15,16577
2025-10-16,16580
2025-10-17,16590
2025-10-20,16585
2025-10-21,16589
2025-10-22,16617
2025-10-23,16645
2025-10-24,16630
2025-10-27,16628
2025-10-28,16622
2025-10-29,16631
2025-10-30,16640
2025-10-31,16625
2025-11-03,16664
2025-11-04,16724
2025-11-05,16729
2025-11-06,16707
2025-11-07,16704
2025-11-10,16666
2025-11-11,16698
2025-11-12,16722
2025-11-13,16732
2025-11-14,16710
2025-11-17,16734
2025-11-18,16760
2025-11-19,16732
2025-11-20,16742
2025-11-21,16719
2025-11-24,16709
2025-11-25,16667
2025-11-26,16673
2025-11-27,16644
2025-11-28,16661
2025-12-01,16668
2025-12-02,16632
2025-12-03,16632
2025-12-04,16646
2025-12-05,16655
2025-12-08,16688
2025-12-09,16677
2025-12-10,16688
2025-12-11,16668
2025-12-12,16652
2025-12-15,16669
2025-12-16,16693
2025-12-17,16698
2025-12-18,16722
2025-12-19,16735
2025-12-22,16773
2025-12-23,16790
2025-12-24,16767
2025-12-29,16788
2025-12-30,16782
2025-12-31,16720
2026-01-02,16725
2026-01-05,16748
2026-01-06,16762
2026-01-07,16785
2026-01-08,16801
2026-01-09,16834
2026-01-12,16853
2026-01-13,16875
2026-01-14,16871
2026-01-15,16880
2026-01-19,16935
2026-01-20,16981
2026-01-21,16963
2026-01-22,16902
2026-01-23,16838
2026-01-26,16779
2026-01-27,16801
2026-01-28,16723
2026-01-29,16786
2026-01-30,16796
2026-02-02,16800
2026-02-03,16777
2026-02-04,16775
2026-02-05,16826
2026-02-06,16887
2026-02-09,16838
2026-02-10,16799
2026-02-11,16781
2026-02-12,16826
2026-02-13,16844
2026-02-18,16884
2026-02-19,16925
2026-02-20,16885
2026-02-23,16818
2026-02-24,16830
2026-02-25,16813
2026-02-26,16758
2026-02-27,16779
2026-03-02,16848
2026-03-03,16870
2026-03-04,16911
2026-03-05,16886
2026-03-06,16919
2026-03-09,16974
2026-03-10,16879
2026-03-11,16867
2026-03-12,16899
2026-03-13,16934
2026-03-16,16990
2026-03-17,16982
2026-03-25,16905
2026-03-26,16903
2026-03-27,16957
2026-03-30,16993
2026-03-31,16999
2026-04-01,17002
2026-04-02,17015
2026-04-06,17037
2026-04-07,17092
2026-04-08,17009
2026-04-09,17082
2026-04-10,17112
2026-04-13,17122
2026-04-14,17135
2026-04-15,17141
2026-04-16,17142
2026-04-17,17189
2026-04-20,17176
2026-04-21,17142
2026-04-22,17179
2026-04-23,17308
2026-04-24,17278
2026-04-27,17227
2026-04-28,17245
2026-04-29,17324
2026-04-30,17378
2026-05-04,17368
2026-05-05,17425
2026-05-06,17405
2026-05-07,17362
2026-05-08,17375
2026-05-11,17415
2026-05-12,17514
2026-05-13,17496
2026-05-18,17666
2026-05-19,17719
2026-05-20,17685
2026-05-21,17673
2026-05-22,17717
2026-05-25,17743
2026-05-26,17789
2026-05-29,17883
2026-06-02,17863
2026-06-03,17931
2026-06-04,18039
2026-06-05,18039
2026-06-08,18171
2026-06-09,18141
2026-06-10,17971
2026-06-11,17981
2026-06-12,17921
2026-06-15,17719
2026-06-17,17753
2026-06-18,17826
2026-06-19,17826
2026-06-22,17819
2026-06-23,17868
2026-06-24,17955
2026-06-25,17942
2026-06-26,17962
2026-06-29,17856
2026-06-30,17899
2026-07-01,17961
2026-07-02,17994
2026-07-03,17960
2026-07-06,17999
2026-07-07,17988
2026-07-08,18005
2026-07-09,18090
2026-07-10,18069
2026-07-13,18131
2026-07-14,18099
2026-07-15,18064
2026-07-16,18041
2026-07-17,17944
2026-07-20,17976
2026-07-21,17909
2026-07-22,17909
2026-07-23,17915
2026-07-24,17973
2026-07-27,17995
2026-07-28,18088
2026-07-29,18087
2026-07-30,18078
2026-07-31,18058
2026-08-03,17991
2026-08-04,18037
2026-08-05,17937
2026-08-06,17919
2026-08-07,17913
2026-08-10,17795
2026-08-11,17824
2026-08-12,17876
2026-08-13,17882
2026-08-14,17836
2026-08-18,17856
2026-08-19,17844
2026-08-20,17779
2026-08-21,17705
2026-08-24,17703
2026-08-26,17717
2026-08-27,17762
2026-08-28,17703
2026-08-31,17746
2026-09-01,17727
2026-09-02,17770
2026-09-03,17689
2026-09-04,17636
2026-09-07,17653
2026-09-08,17618
2026-09-09,17552
2026-09-10,17536
2026-09-11,17611
2026-09-14,17635
2026-09-15,17687
2026-09-16,17712
2026-09-17,17753
2026-09-18,17745
2026-09-21,17813
2026-09-22,17883
2026-09-23,17803
2026-09-24,17898
2026-09-25,17917
2026-09-28,17965
2026-09-29,17998
2026-09-30,17877
2026-10-01,17937
2026-10-02,17898
2026-10-05,17917
2026-10-06,17910
2026-10-07,17880
2026-10-08,17890
2026-10-09,17884
