date,aum_idr,aum_usd
2017-01-01,501916559398,37281182.46
2017-02-01,496567708508,37204443.58
2017-03-01,505035942872,37887167.51
2017-04-01,508744047534,38202601.75
2017-05-01,504314196165,37861426.14
2017-06-01,506833349701,38070558.83
2017-07-01,506777666112,37977942.6
2017-08-01,512889465358,38691118.39
2017-09-01,408151096442,30600622.02
2017-10-01,411129699128,30578631.4
2017-11-01,407787224613,30135029.9
2017-12-01,410910031193,30406247.68
2018-01-01,413999000000,30865503.62
2018-02-01,383344242809,28543875.12
2018-03-01,385013286747,28015228.61
2018-04-01,383906402809,27926558.73
2018-05-01,377224336661,27269886.26
2018-06-01,379105114058,27358383.06
2018-07-01,381439532863,26610822.72
2018-08-01,378931708863,26309220.92
2018-09-01,379238002514,25817823.03
2018-10-01,381741727991,25627129.97
2018-11-01,377337765009,24826486.28
2018-12-01,379389984984,26449385.46
2019-01-01,381827300211,26318396.76
2019-02-01,377449379299,27041795.34
2019-03-01,379710603995,26977662.81
2019-04-01,382050104625,26838785.01
2019-05-01,377451252279,26534358.68
2019-06-01,379516869372,26382820.26
2019-07-01,306667542874,21707134.52
2019-08-01,6724,0.48
2019-09-01,0,0
2019-10-01,0,0
2019-11-01,0,0
2019-12-01,0,0
